date,open,high,low,close,volume
2020-01-01,36000.0,44453.09,31204.27,38805.66,51490694347137.8
2020-01-04,38805.66,49436.29,34506.08,41442.78,244231616907638.0
2020-01-03,41442.78,48030.3,37049.85,43318.61,658187461088553.4
2020-01-10,43318.61,48502.34,40526.71,44843.68,730104889003577.1
2020-01-05,44843.68,47207.44,43414.12,45589.49,601722248842886.9
2020-01-11,45589.49,46678.35,43587.36,44930.89,1153100610642114.0
2020-01-13,44930.89,51589.71,36788.37,42364.47,765680093403739.9
2020-01-15,42364.47,45108.18,37511.64,40668.94,669357281776527.4
2020-01-17,40668.94,44116.59,34642.11,38471.22,223135998135117.84
2020-01-10,38471.22,40770.15,35382.06,37645.16,692165216735787.8
2020-01-21,37645.16,38910.12,35931.32,37029.69,631610319635079.6
2020-02-03,37029.69,38939.98,34430.66,36256.93,318380236765091.8
2020-02-06,36256.93,38047.53,34496.12,36866.61,1490507993012902.8
2020-01-14,36866.61,46520.08,29665.16,39471.79,406014532722769.3
2020-01-15,39471.79,46380.35,36036.38,41619.89,662930252072708.4
2020-02-15,41619.89,49394.46,33771.9,38857.62,413184746375224.25
2020-02-02,38857.62,46420.86,34292.52,41528.14,422659814945599.56
2020-02-21,41528.14,44088.96,37067.25,40176.15,1146558158940556.5
2020-02-06,40176.15,46786.46,28467.64,36304.8,316134854191317.7
2020-01-20,36304.8,52135.73,27067.96,41613.41,169745264673310.12
2020-03-01,41613.41,52065.33,35870.41,44117.26,671803487286726.6
2020-01-22,44117.26,49534.92,41605.68,45619.56,1147799370416993.8
2020-02-14,45619.56,48381.15,44009.47,46546.37,29669349825514.58
2020-03-10,46546.37,50512.71,42546.32,45136.76,777073046957241.0
2020-01-25,45136.76,46093.06,43670.3,44744.5,2662295643291250.0
2020-01-26,44744.5,46451.4,43105.46,45364.47,1756704907796289.2
2020-03-19,45364.47,56758.66,39771.92,48717.71,226676041603170.1
2020-02-24,48717.71,50358.97,46221.56,47834.92,1536999385035762.8
2020-01-29,47834.92,56191.96,39682.89,50921.76,569426380644283.8
2020-01-30,50921.76,59093.16,44294.3,53191.22,198208277803919.22
2020-03-31,53191.22,61163.62,46868.29,55929.68,756938217174729.0
2020-02-01,55929.68,59188.87,52059.76,54661.22,1664542529419761.2
2020-03-05,54661.22,58417.0,48492.12,52427.64,461109807077940.8
2020-04-09,52427.64,59220.29,47694.21,54414.26,23685550782487.07
2020-04-12,54414.26,55891.5,52469.35,53897.4,459147360106509.1
2020-02-05,53897.4,55081.22,51920.42,53280.1,2559228685067200.5
2020-04-18,53280.1,66725.1,42613.51,57264.74,576655472168652.8
2020-02-07,57264.74,58265.16,55154.78,56655.27,1941055249850227.8
2020-03-17,56655.27,65767.58,42912.5,53024.94,94989250588398.27
2020-03-19,53024.94,59185.95,48496.12,54701.72,198158423573249.62
2020-02-10,54701.72,60845.78,51028.1,56617.25,401946691293884.6
2020-02-11,56617.25,68928.56,46223.19,60340.02,477733035139241.9
2020-02-12,60340.02,62266.23,57042.83,59074.55,2175193677678458.8
2020-02-13,59074.55,62789.06,52389.85,56951.32,364245209336694.0
2020-03-29,56951.32,62720.7,52255.88,59202.65,1335878982195789.2
2020-03-31,59202.65,59459.87,58730.45,59069.23,1.926094584241597e+16
2020-05-18,59069.23,60689.11,56529.39,58161.65,261035472046154.38
2020-05-21,58161.65,62751.52,51152.69,56177.52,113536789312648.62
2020-05-24,56177.52,68565.75,43053.49,50783.58,300002084432716.75
2020-02-19,50783.58,55001.41,48236.71,52373.44,1400229951376959.5
2020-04-10,52373.44,66973.29,40889.36,57174.92,356012994474602.2
2020-04-12,57174.92,75569.35,45509.34,62143.56,212643883584464.78
2020-04-14,62143.56,68965.1,57265.28,64473.57,1118721359190466.5
2020-04-16,64473.57,84355.46,47478.19,70347.15,662690878371884.0
2020-02-24,70347.15,103784.64,44054.97,59179.52,97942025328299.88
2020-04-20,59179.52,69401.02,51801.43,62825.7,75019602361638.02
2020-02-26,62825.7,63688.42,61714.59,62512.05,7746514739843382.0
2020-06-20,62512.05,70199.6,56816.74,64788.55,959659546052099.4
2020-06-23,64788.55,84067.41,47045.61,71048.03,499585713895830.25
2020-02-29,71048.03,87798.51,57852.5,76529.62,663426916375147.9
2020-03-01,76529.62,80411.82,71656.43,74810.39,3096897667975949.0
2020-03-02,74810.39,84057.72,58023.76,69166.43,281530714868192.5
2020-03-03,69166.43,69641.89,68958.01,69286.05,1.7893860466713922e+16
2020-07-08,69286.05,77751.18,65307.89,71912.75,154416182060523.34
2020-07-11,71912.75,90789.86,60526.55,76709.44,168848787608904.28
2020-03-06,76709.44,79184.59,71950.42,75125.59,3469099791324440.0
2020-03-07,75125.59,84589.67,69826.25,78329.17,1378230573273911.8
2020-05-14,78329.17,79574.68,76810.48,77908.49,1.3512936860340246e+16
2020-03-09,77908.49,110694.04,54787.58,86101.22,25588464646239.145
2020-07-26,86101.22,107918.25,60111.07,78543.53,409624385406244.1
2020-07-29,78543.53,96449.94,62764.81,84428.78,122658082031556.98
2020-03-12,84428.78,97089.38,72008.28,79887.5,1284633306339650.2
2020-05-24,79887.5,88703.12,71212.32,76746.9,1348161979750112.5
2020-05-26,76746.9,98678.64,57410.58,83661.3,823934490090590.6
2020-05-28,83661.3,87965.3,77324.71,81952.87,1384081195790098.5
2020-03-16,81952.87,96302.97,66687.82,87117.66,242890902720764.7
2020-06-01,87117.66,109406.69,68340.94,94124.83,478763796178424.9
2020-08-19,94124.83,102087.18,85800.66,97046.35,600972534500215.5
2020-03-19,97046.35,102482.47,93853.92,98429.75,4916887702177473.0
2020-08-25,98429.75,102793.22,96275.73,99629.39,3529129469434982.5
2020-08-28,99629.39,127674.55,86792.99,107238.69,1175378498649485.2
2020-08-31,107238.69,111104.55,101188.09,105270.25,2385845733126145.5
2020-06-13,105270.25,109409.71,100237.81,103612.74,5018738238738580.0
2020-03-24,103612.74,105056.6,102792.03,104033.31,1.410221573624777e+16
2020-03-25,104033.31,105412.28,103132.26,104407.19,9524533520264220.0
2020-06-19,104407.19,120568.7,95397.73,109355.94,1053915017532431.0
2020-09-15,109355.94,118525.01,102612.38,112109.08,1484824364760424.0
2020-03-28,112109.08,125573.27,105225.49,115856.35,694748190811085.2
2020-03-29,115856.35,182837.46,68924.57,133548.21,349652984729191.1
2020-09-24,133548.21,159764.61,114220.65,141046.72,927940265522720.6
2020-06-29,141046.72,147397.29,134467.34,143551.77,6133681099664102.0
2020-04-01,143551.77,192847.98,120456.53,156184.12,1314937238125555.2
2020-10-03,156184.12,156461.67,155625.73,156036.0,7.21410097949199e+16
2020-07-05,156036.0,163311.7,149897.71,158094.56,7090454491553927.0
2020-07-07,158094.56,174350.24,132018.48,150892.76,1917082385530142.0
2020-04-05,150892.76,165423.31,133500.6,145337.17,1092612533526408.2
2020-04-06,145337.17,165339.04,133503.48,150651.15,981233670299154.2
2020-07-13,150651.15,155287.82,142354.88,147782.32,2207199591645592.0
2020-07-15,147782.32,160532.73,138266.83,152369.09,767911762324132.2
2020-04-09,152369.09,153255.91,151648.9,152710.18,3.724358986341462e+16
2020-07-19,152710.18,252512.02,76490.97,181421.3,768870302056066.0
2020-04-11,181421.3,253660.91,134279.39,199221.5,714805440585964.1
2020-04-12,199221.5,267617.27,140443.88,219936.36,1604385131620894.8
2020-11-05,219936.36,227195.18,215317.81,221927.8,1.4749342851311354e+16
2020-04-14,221927.8,239074.65,198759.31,214233.33,4302622974939548.5
2020-07-29,214233.33,245983.48,190479.63,222837.37,4909333732491821.0
2020-11-14,222837.37,303350.18,117737.04,189119.52,137120728855740.97
2020-08-02,189119.52,190913.94,185769.55,188066.18,2029895280463562.5
2020-08-04,188066.18,191843.84,180927.51,186183.24,5362293670281860.0
2020-08-06,186183.24,255654.98,149863.76,208563.17,45211453309358.164
2020-11-26,208563.17,371923.38,128618.75,258437.17,835288034605811.8
2020-04-21,258437.17,363714.23,179612.12,285391.27,513836464604483.06
2020-04-22,285391.27,292783.03,276522.53,282047.1,2.309558973887204e+16
2020-08-14,282047.1,288959.98,272217.23,279335.31,5166241448028582.0
2020-12-08,279335.31,475868.75,196101.71,327015.92,520282638304942.75
2020-12-11,327015.92,329956.17,324741.42,328171.7,6.297068361471568e+16
2020-08-20,328171.7,368123.11,245381.33,303418.58,2745244146299323.0
2020-04-27,303418.58,442173.01,233023.93,339474.5,1755204093352257.2
2020-04-28,339474.5,400469.82,286889.17,362346.46,3350203894233783.0
2020-04-29,362346.46,422351.96,286258.94,335782.92,4206610400879144.0
2020-08-28,335782.92,616380.39,141895.89,406465.64,1132938425080160.8
2020-08-30,406465.64,621050.58,246802.19,476413.09,1544622105006812.2
2021-01-01,476413.09,595740.91,400607.61,511616.41,4730550719018017.0
2020-09-03,511616.41,579173.64,418159.37,477556.06,7187527044511718.0
2020-09-05,477556.06,611759.81,381640.92,517264.3,2212349653873039.2
2020-05-05,517264.3,528041.11,502989.29,512456.36,2.7417360309315396e+16
2020-09-09,512456.36,632208.28,435789.93,542500.7,2478067555339772.5
2020-05-07,542500.7,593394.25,481809.17,520129.33,3274967499174077.0
2020-09-13,520129.33,667926.34,334082.12,461847.77,2301956669462524.5
2020-05-09,461847.77,518976.14,423281.0,482894.96,7042171435086852.0
2020-09-17,482894.96,492140.09,470996.11,478927.46,5.857833009113098e+16
2021-01-28,478927.46,514297.19,417624.79,461208.81,3601450128479956.0
2020-09-21,461208.81,535067.56,398436.68,485219.68,8428226338271644.0
2021-02-03,485219.68,745560.83,331331.26,569561.66,1366024526731303.2
2021-02-06,569561.66,692418.38,379611.37,518268.48,5276490668633884.0
2020-09-27,518268.48,560168.78,457019.13,495511.72,283357713381722.0
2021-02-12,495511.72,566466.16,443941.27,522119.05,8717199399288882.0
2021-02-15,522119.05,633755.9,458982.89,550351.24,8439218038049029.0
2021-02-18,550351.24,573122.23,528256.21,557845.53,1.0506184699237088e+16
2020-10-05,557845.53,771753.96,439674.32,631794.28,2090759760385309.8
2021-02-24,631794.28,657927.08,609514.94,641298.06,1.305364705218013e+16
2020-05-21,641298.06,665366.53,617713.67,650209.04,2.8164700230851456e+16
2021-03-02,650209.04,759621.22,578178.02,683493.84,1.094329504277769e+16
2020-10-13,683493.84,993168.55,450552.56,779293.7,2991874774285213.0
2021-03-08,779293.7,1241865.69,549429.55,900468.13,452941906353613.0
2020-05-25,900468.13,1226373.27,723807.18,1010018.7,93621817137315.23
2020-10-19,1010018.7,1012605.62,1005127.03,1008348.59,1.7707224053296592e+17
2020-10-21,1008348.59,1099918.32,851878.72,951358.64,4851173673473389.0
2021-03-20,951358.64,1119674.71,716457.34,857679.47,2246896395874091.5
2020-05-29,857679.47,979100.76,704792.73,815263.29,1399487617140570.8
2020-05-30,815263.29,1026482.44,659879.86,869182.38,5482527423072296.0
2020-10-29,869182.38,1041918.9,640762.2,800988.4,1.044966411269311e+16
2021-04-01,800988.4,908419.26,636257.88,756170.54,1.0553098223785818e+16
2021-04-04,756170.54,781713.46,741739.24,764986.3,6.2414700588253096e+16
2021-04-07,764986.3,820739.49,723809.49,780057.61,2.253963657973134e+16
2020-06-04,780057.61,845396.04,730443.4,800085.43,2.7857832523347812e+16
2020-06-05,800085.43,1219030.2,496160.94,902985.7,2956877967241608.5
2020-11-10,902985.7,994921.51,827874.82,932967.69,2.336539957532422e+16
2020-11-12,932967.69,1053909.49,787894.03,884472.16,1.3692922705255706e+16
2020-06-08,884472.16,1150090.13,729351.84,963142.53,3281898179210354.5
2020-11-16,963142.53,1337155.64,577061.98,1100829.23,3148745117693948.5
2020-06-10,1100829.23,1272593.1,824700.27,1004407.1,9537521710930800.0
2021-05-01,1004407.1,1028962.42,990123.41,1012826.5,3.536546753065648e+16
2021-05-04,1012826.5,1164980.89,942259.19,1058551.32,1.4217292781928344e+16
2020-06-13,1058551.32,1101998.04,1022497.23,1075622.5,1.5257966137856264e+16
2020-06-14,1075622.5,1165440.47,968588.93,1034650.36,2.3545306718142056e+16
2020-11-28,1034650.36,1434666.84,812150.5,1139443.2,4981794002581474.0
2020-11-30,1139443.2,1156310.79,1125792.27,1145309.78,8.625549103520352e+16
2021-05-19,1145309.78,1608704.88,708214.67,979577.16,6269332568571194.0
2020-12-04,979577.16,1056609.37,912103.07,1004739.26,1.0468253724138236e+16
2020-06-19,1004739.26,1073286.5,944779.57,1024736.79,2.497530056746606e+16
2020-06-20,1024736.79,1398222.53,780320.04,1134512.42,3243892465516446.5
2021-05-31,1134512.42,1486982.79,676767.92,1008827.76,2523525932396260.5
2020-12-12,1008827.76,1575528.9,533824.99,1187177.85,303641218084356.9
2021-06-06,1187177.85,1570341.16,536567.69,1002239.79,6054560602929964.0
2021-06-09,1002239.79,1285379.36,850030.17,1070099.84,690518473538418.1
2021-06-12,1070099.84,1409102.87,739159.76,1189678.17,1041079606026440.2
2020-12-20,1189678.17,1244368.53,1152876.6,1211121.39,5.757007330669352e+16
2020-06-27,1211121.39,1878648.35,706685.09,1418291.53,2856938410351958.0
2020-06-28,1418291.53,2018974.24,1007905.28,1565991.53,1.1722679775276086e+16
2020-12-26,1565991.53,2586142.36,1031975.4,1805254.52,5592195184728728.0
2021-06-27,1805254.52,1805668.64,1804865.23,1805413.63,1.663938849336398e+18
2020-07-01,1805413.63,1966912.27,1658951.15,1865179.06,4.765867232907375e+16
2021-01-01,1865179.06,2055530.02,1556676.54,1756378.94,1236085594562606.8
2021-01-03,1756378.94,2068044.66,1587830.14,1854466.26,1.6852742650420648e+16
2021-07-09,1854466.26,2017624.13,1679301.19,1789790.38,9747701342138994.0
2021-07-12,1789790.38,2444935.73,1179926.88,2002342.39,2286052304257722.0
2021-01-09,2002342.39,2264331.71,1674675.63,1895706.43,2.5197616028529104e+16
2021-01-11,1895706.43,2699466.76,1313154.67,2165082.73,4697438467708457.0
2021-07-21,2165082.73,2340493.22,1821172.5,2075070.07,3.611068729479527e+16
2021-01-15,2075070.07,2528320.54,1761710.69,2215917.65,7484921736780987.0
2021-07-27,2215917.65,2275440.54,2130705.69,2186717.41,1.180959595041154e+17
2020-07-11,2186717.41,3327810.13,1354685.49,2540940.33,9300172661490842.0
2021-08-02,2540940.33,2717166.08,2415042.51,2584869.53,1.0989422192094112e+17
2021-01-23,2584869.53,3031676.04,2371280.08,2701680.39,1.1338742238025968e+16
2021-01-25,2701680.39,2888353.63,2441286.25,2627505.01,6.520078703251435e+16
2020-07-15,2627505.01,3250492.77,1927478.83,2375233.29,1.2216794859429662e+16
2021-08-14,2375233.29,2868668.79,1766683.27,2134214.65,2.1313604542570012e+16
2021-01-31,2134214.65,2335033.87,1965971.7,2207075.12,6.075049383816538e+16
2021-08-20,2207075.12,2303413.97,2084259.25,2164309.03,1.969368840285305e+16
2021-02-04,2164309.03,3184389.29,1495224.78,2411536.67,8974231833277356.0
2020-07-20,2411536.67,2795495.08,2008217.81,2548266.5,3.66437155208845e+16
2021-08-29,2548266.5,2945386.01,2309168.24,2650621.58,6306175321327912.0
2021-02-10,2650621.58,2743482.51,2566418.28,2687154.53,8.851018714047576e+16
2021-09-04,2687154.53,3282635.95,2231825.52,2872411.5,1.4723987331267882e+16
2021-09-07,2872411.5,3060393.17,2772491.61,2937398.49,1.1240943390360515e+17
2021-09-10,2937398.49,3259241.93,2714862.05,3028114.69,4.4667533411833176e+16
2021-09-13,3028114.69,4473076.89,2086272.35,3473969.08,3051579853449803.0
2020-07-27,3473969.08,3973889.16,2956041.41,3656924.92,9519063917867618.0
2021-02-22,3656924.92,5460019.89,2087036.39,4193809.44,1.7424118512812026e+16
2021-09-22,4193809.44,4240454.18,4110078.28,4166874.95,7.05437673043902e+16
2021-02-26,4166874.95,6221366.61,2570275.61,4715802.45,9076139907932244.0
2021-09-28,4715802.45,5472759.14,4194592.25,4903074.24,1.2868033417254242e+16
2021-10-01,4903074.24,7117000.2,3006114.53,5568080.45,2.343904241590529e+16
2020-08-02,5568080.45,6473684.02,4665604.85,5893643.01,4.3822287663070264e+16
2021-10-07,5893643.01,7968059.66,4209652.59,6578403.68,4.927414099881759e+16
2020-08-04,6578403.68,8581386.36,4939474.52,7276751.38,4828818192159769.0
2021-10-13,7276751.38,8395897.08,6574461.58,7661794.09,1.1977979493350971e+17
2021-03-12,7661794.09,10913080.37,5964805.39,8547528.13,6.522823381743451e+16
2020-08-07,8547528.13,8684423.48,8329529.42,8488274.36,1.465144760002479e+17
2020-08-08,8488274.36,13282691.74,5671249.4,9670269.63,1561916008443505.5
2021-03-18,9670269.63,13664297.26,5957614.46,11091339.72,3.493114051847338e+16
2021-10-28,11091339.72,17510949.24,6566752.88,12984077.09,2.973410460070041e+16
2020-08-11,12984077.09,20809450.08,10152241.33,14793501.83,7.317616199440667e+16
2021-11-03,14793501.83,17679656.57,13669714.92,15499736.12,1.500413192199899e+17
2021-03-26,15499736.12,21046115.22,12761891.3,17147112.26,1.043110416156709e+17
2021-03-28,17147112.26,26180204.97,13297817.17,19555144.07,3.4464984185933276e+16
2021-11-12,19555144.07,29091822.06,12921515.43,22138102.26,5.730897256728342e+16
2021-11-15,22138102.26,26516091.64,20100517.63,23373925.02,2.794903633481933e+17
2021-11-18,23373925.02,32954066.69,16590158.64,25930514.17,1.546392824041241e+17
2020-08-18,25930514.17,26391403.92,25527239.99,26077633.92,1.8498244316186524e+18
2021-11-24,26077633.92,39581829.18,16222843.64,30682361.93,9.872013062845698e+16
2021-04-09,30682361.93,55202334.01,19806480.36,37326811.17,1.3390587519602026e+16
2021-04-11,37326811.17,48210315.92,27243605.02,41192783.62,2.932388469955314e+17
2021-12-03,41192783.62,86776257.97,12587938.59,52611792.73,6.192099577650141e+16
2021-12-06,52611792.73,98973988.1,30542784.92,62951444.7,2.4540336635816186e+17
2020-08-24,62951444.7,112424000.73,29348806.29,77148476.22,6.158030585581402e+16
2021-12-12,77148476.22,112416479.88,49327565.46,87188819.63,2.1139909886402394e+17
2021-12-15,87188819.63,110554968.16,69295202.82,93789603.61,9.751187057115983e+17
2021-12-18,93789603.61,176803486.11,42150866.5,114746468.68,1.510708017768393e+16
2021-12-21,114746468.68,175684107.75,64153801.46,134555283.58,2.0997263528283907e+17
2021-04-27,134555283.58,181411096.68,108959780.42,148998815.4,1.903067380910164e+17
2021-12-27,148998815.4,216813048.74,121021357.27,167095657.48,9.184214902444228e+17
2020-08-31,167095657.48,263664342.96,105414421.7,195383720.58,1.636830803795684e+17
2021-05-03,195383720.58,289331503.88,153612648.22,221050526.32,9.233700639675706e+16
2020-09-02,221050526.32,257413572.22,205770023.83,230754627.7,4.570351487875654e+17
2021-05-07,230754627.7,316121973.92,182783767.49,255873545.63,1.6055417644497615e+18
2020-09-04,255873545.63,325070281.93,219715060.13,277572959.56,2.0560215443770168e+18
2022-01-14,277572959.56,315990053.11,247232511.18,292069839.25,3.2065345741614996e+18
2020-09-06,292069839.25,426559216.54,164530470.42,335777849.88,1.5021743634930926e+18
2021-05-15,335777849.88,497500633.24,238036580.54,381324012.81,3.413478510143934e+17
2022-01-23,381324012.81,648171496.77,231283362.47,447997085.32,1.8211053112237468e+18
2021-05-19,447997085.32,791300713.67,271196800.32,563695574.52,1.5993018488961533e+18
2021-05-21,563695574.52,1010519036.75,289804926.26,679746040.1,1.9506021365134095e+18
2021-05-23,679746040.1,1089528757.05,514434198.46,773790256.03,4.658358536837597e+18
2021-05-25,773790256.03,1497290938.2,293744161.68,940492918.82,3.492908876006392e+17
2020-09-13,940492918.82,1489164047.61,625876355.25,1090764720.11,1.8669305257977964e+18
2021-05-29,1090764720.11,1946329436.51,392884999.36,1352272490.55,3.8952056284050003e+17
2022-02-13,1352272490.55,2658656781.78,761512109.8,1644141078.85,4.5743203785803955e+18
2022-02-16,1644141078.85,3129540473.85,1002839107.32,1989967674.78,1.2114201689011418e+18
2020-09-17,1989967674.78,3456900784.26,1414500285.74,2346729434.34,1.0564524743254385e+19
2022-02-22,2346729434.34,4025777750.12,1145095785.0,2803334641.54,9.193878974068829e+18
2021-06-08,2803334641.54,3944265490.53,1892648449.26,3108954759.49,8.484973919059853e+18
2022-02-28,3108954759.49,3519934022.83,2818852882.21,3243283309.53,3.4123315136368927e+19
2022-03-03,3243283309.53,4510070965.42,2222126530.77,3694921687.44,7.390165601340193e+18
2021-06-14,3694921687.44,5842974105.34,2159083822.88,4442977348.43,5.369433585409648e+18
2022-03-09,4442977348.43,8668924404.3,2053928239.89,5499797345.1,8.743221391780207e+18
2022-03-12,5499797345.1,7029747130.06,4533258299.36,5870348593.24,4.1314525515961103e+18
2022-03-15,5870348593.24,8414118644.69,4611520858.79,6599557797.23,3.367369395669114e+18
2020-09-26,6599557797.23,9515538168.76,4598087233.3,7325763458.8,5.8929110473716244e+19
2020-09-27,7325763458.8,9925543272.1,5509384564.25,8167990754.36,2.8357202965904695e+19
2022-03-24,8167990754.36,12835389004.62,5641700222.72,9402829237.54,4.963878918964728e+19
2021-06-28,9402829237.54,13003291073.5,6754242665.39,10389693648.24,5.830807603004323e+19
2020-09-30,10389693648.24,16740150366.21,5969703254.52,12281047846.47,2.2412583888146407e+19
2021-07-02,12281047846.47,19485738328.86,7521945637.02,13974727050.14,3.027993257081278e+19
2022-04-05,13974727050.14,17169246765.85,11459515404.69,14849546857.01,7.0795327379997975e+19
2022-04-08,14849546857.01,21982953826.11,9249455087.01,16775960828.15,3.6226917361168634e+19
2021-07-08,16775960828.15,22366126623.46,13755447588.34,18291738797.1,2.534674635454162e+19
2022-04-14,18291738797.1,32762611254.88,10060140605.35,21886966832.35,6.045133146838454e+19
2021-07-12,21886966832.35,26379618312.78,19868403714.9,23208581825.24,1.1445829183009081e+20
2020-10-07,23208581825.24,29322922849.64,16986052588.25,25282782483.83,4.243137629501885e+19
2021-07-16,25282782483.83,51563293053.48,15456741933.03,31231789111.02,8.307646651785458e+19
2022-04-26,31231789111.02,48210168501.73,17732396858.1,36326934946.67,2.6751820607770874e+19
2021-07-20,36326934946.67,51423010689.91,27334006088.84,41404045824.72,1.8088328024716263e+20
2022-05-02,41404045824.72,65406434204.54,26942282977.41,48237597502.38,1.7048728569443454e+20
2020-10-12,48237597502.38,72596577802.09,34555790835.65,53900847452.79,3.101531489268698e+20
2021-07-26,53900847452.79,91009781859.42,31372281274.3,62317847347.62,3.12356865653227e+20
2020-10-14,62317847347.62,105029758196.33,26246516462.31,74668102246.36,3.096041442881444e+20
2021-07-30,74668102246.36,120115173625.65,48041616006.78,87180600295.18,7.594367209771285e+19
2020-10-16,87180600295.18,103029798494.23,80114514330.36,91318627386.19,4.729649703525209e+20
2022-05-20,91318627386.19,126041118568.51,69923768706.77,99652874771.99,5.2105298232207304e+20
2020-10-18,99652874771.99,150032230785.22,58394782210.28,115253312910.05,1.782785954119945e+20
2022-05-26,115253312910.05,213525188986.68,75006381223.66,137209494010.21,2.762497109573721e+20
2021-08-09,137209494010.21,264115207671.89,77249304434.2,165461347239.19,2.6821055157024837e+20
2021-08-11,165461347239.19,263178132907.76,121377558361.28,194044841284.7,8.922136898344678e+20
2022-06-04,194044841284.7,495510292938.73,8139057907.22,263230131292.37,7.958072381372776e+19
2021-08-15,263230131292.37,520468564613.49,107645418279.55,322202564207.93,5.5742218997286974e+20
2022-06-10,322202564207.93,434696004971.56,254821489885.52,363825658662.07,6.56872629830443e+20
2020-10-25,363825658662.07,446665217571.36,323724767662.7,387884553063.61,1.624267615894597e+21
2021-08-21,387884553063.61,531209185753.92,295991667938.42,437351582535.5,1.9543589045381135e+21
2022-06-19,437351582535.5,627621836744.16,327719909937.48,483124736302.05,1.0978099205287633e+20
2022-06-22,483124736302.05,747424375368.37,299524471774.18,554347907198.75,9.777701539241785e+20
2020-10-29,554347907198.75,731320293028.32,421614613385.38,607514446690.04,5.4769839799579437e+20
2021-08-29,607514446690.04,773320058528.21,469993209593.19,667591283809.51,3.1469647169062903e+21
2022-07-01,667591283809.51,809641153131.38,563414182106.12,710051784723.16,1.0299273475361553e+22
2021-09-02,710051784723.16,1003848116733.85,556667038644.01,785401396976.01,5.144400612452344e+20
2020-11-02,785401396976.01,1156353553019.86,542392510277.2,878766507413.02,2.241022130503294e+21
2020-11-03,878766507413.02,946422554339.1,834650279243.27,900738700475.4,2.2717116496626334e+22
2022-07-13,900738700475.4,941380982211.87,868998502052.66,912419715855.03,5.033528180538572e+21
2021-09-10,912419715855.03,1285810660604.12,670692823034.14,1046534620877.87,4.923726857723139e+21
2020-11-06,1046534620877.87,1382950276560.27,769059469226.02,1148431070606.47,5.144942424193891e+21
2020-11-07,1148431070606.47,2007441595389.65,774894258543.81,1357501529938.18,2.2924898229437192e+21
2020-11-08,1357501529938.18,2046442907547.29,882218844826.38,1589117525793.35,7.085829955218507e+21
2022-07-28,1589117525793.35,2000220493970.6,1226542143831.55,1712664446649.59,7.064996864069888e+21
2020-11-10,1712664446649.59,1975443121001.25,1562849378888.57,1778404128885.89,3.58349155452032e+22
2022-08-03,1778404128885.89,2536668295658.01,1300438862832.72,2001137190338.78,1.4130695812735551e+22
2020-11-12,2001137190338.78,2330397550223.22,1699348927540.1,2122270218724.41,1.036174637529259e+22
2022-08-09,2122270218724.41,2964289575438.66,1738796922412.34,2341401929018.14,9.238387235102465e+21
2021-09-28,2341401929018.14,4583201578875.35,460634653807.93,2968904606512.8,2.4620250201070177e+21
2020-11-15,2968904606512.8,4406171578961.56,1744508463176.47,3467382680221.28,6.536873125372924e+21
2022-08-18,3467382680221.28,3956875979281.46,3045917963683.4,3642165719367.74,5.389427422440924e+22
2020-11-17,3642165719367.74,3891415262025.1,3232162577928.46,3494623602583.46,5.832501005628999e+22
2021-10-06,3494623602583.46,4087033327356.44,3071167265235.14,3662755699748.37,6.895564238514125e+22
2021-10-08,3662755699748.37,6050777424992.72,2579909133507.24,4333112723346.94,2.92824872685506e+21
2021-10-10,4333112723346.94,4769616068764.54,4085029201830.72,4481650350027.5,9.332693763553413e+22
2021-10-12,4481650350027.5,7517068468180.34,2123090274283.58,5303358453742.23,3.094105218265799e+21
2021-10-14,5303358453742.23,7390572793439.67,3860855384139.36,5871056035266.96,4.947604646417407e+22
2020-11-23,5871056035266.96,7057522806186.21,4695597004437.12,6293998735267.19,3.7287489557383665e+22
2022-09-11,6293998735267.19,8428132144019.5,4718964616636.33,6862956022215.79,2.2725476781977154e+22
2021-10-20,6862956022215.79,10371447021514.49,4771580083437.76,7762474210434.79,1.5575396090660056e+22
2021-10-22,7762474210434.79,14381175276129.97,4105016542554.87,9251333634215.27,3.2205380518338527e+22
2022-09-20,9251333634215.27,10048971792123.74,8429810779473.17,9527225490435.91,2.4635967397073635e+23
2020-11-28,9527225490435.91,13872284352980.19,7065546639152.82,10726075551380.4,6.099595175281643e+22
2022-09-26,10726075551380.4,13982555373988.37,7523226250952.51,11859278095314.58,7.623596063281271e+21
2021-10-30,11859278095314.58,22881244605069.21,4246446691693.83,14727988603148.49,4.0451956388844555e+22
2020-12-01,14727988603148.49,20172672578304.49,11022724901416.52,16603557246509.63,9.648096597258673e+21
2021-11-03,16603557246509.63,23314148965463.73,12227471732963.38,18242298521804.22,1.0823562894417994e+23
2020-12-03,18242298521804.22,22760549974730.9,16240993260148.17,19424020896299.08,1.4301000258252469e+23
2020-12-04,19424020896299.08,30239233063428.39,13690067486318.33,22713818058960.95,1.072758802858047e+23
2020-12-05,22713818058960.95,26129706673541.6,19522744963048.34,23809895970971.27,4.2173102825954243e+23
2020-12-06,23809895970971.27,34483067483458.5,18826498052176.71,26762573706586.11,5.9480588561672514e+22
2022-10-20,26762573706586.11,45468565978402.82,11514918844164.69,32957077742699.09,6.889942108698366e+22
2022-10-23,32957077742699.09,58726598522971.52,17735127577006.65,39279251311244.64,1.4501979894600151e+23
2022-10-26,39279251311244.64,64745642449849.93,14811548017481.13,48031245520212.81,1.593818482755807e+22
2022-10-29,48031245520212.81,69213477250781.26,31794897466214.89,54916288389981.02,2.0839183502363e+23
2020-12-11,54916288389981.02,69450348970228.38,44546520071646.57,59164894452515.05,2.1066050248871983e+23
2021-11-23,59164894452515.05,59414027957415.2,58874812912862.66,59066324775335.73,2.920689281587869e+24
2020-12-13,59066324775335.73,84082169529059.28,41263086360365.84,67450503417491.7,1.9549258732986155e+23
2021-11-27,67450503417491.7,87197908766982.62,53851207915241.52,72678388484585.33,7.503036534587679e+23
2021-11-29,72678388484585.33,90511172560118.11,59781267305872.47,78951886188658.55,4.765888671649089e+23
2021-12-01,78951886188658.55,113679166620794.97,61733447744382.86,89013402525393.56,3.7233216456541633e+22
2021-12-03,89013402525393.56,151265409367733.72,57897295507610.7,103641117869569.5,5.216595896151541e+23
2020-12-18,103641117869569.5,186615023811524.12,67410508766075.77,123941207922035.5,8.876180415117675e+22
2022-11-25,123941207922035.5,132144865387739.81,110019442814692.89,120212650102442.92,2.0698421787837168e+24
2020-12-20,120212650102442.92,234321731610302.38,74637420691265.83,145216662556330.44,2.0769583545548485e+23
2020-12-21,145216662556330.44,189480169336163.3,111115565740508.12,159447521658853.38,1.2512983923348705e+24
2022-12-04,159447521658853.38,181480354918218.44,147226651526589.6,165141203009769.8,3.9456032934442175e+24
2022-12-07,165141203009769.8,242767525727288.16,116180159532817.89,188401919867779.56,6.423753395435441e+22
2020-12-24,188401919867779.56,241701112821905.53,163999887012239.3,203555660693414.56,1.1927522735224514e+24
2022-12-13,203555660693414.56,268691427930298.34,141200101887832.94,224454844689439.4,1.3553008054335428e+24
2020-12-26,224454844689439.4,335302778682639.0,126205629166037.22,257422372215427.25,8.592188039915419e+23
2021-12-23,257422372215427.25,412397275926606.9,188189838935315.78,295915111304038.2,8.849185871236652e+23
2022-12-22,295915111304038.2,467697744647942.3,178184922682543.78,339423025929107.3,1.0549036931876204e+24
2020-12-29,339423025929107.3,507938040943735.8,236723334759466.25,384600328348645.9,8.534932642392838e+23
2022-12-28,384600328348645.9,521286426217681.4,281385156513320.9,421944321934562.3,2.367801574605513e+24
2022-12-31,421944321934562.3,774955993885308.9,232306037094295.72,504449208097500.0,1.5356722906557486e+24
2022-01-02,504449208097500.0,694877479828915.0,406328944698789.8,563401297474186.0,1.823197661013664e+24
2022-01-04,563401297474186.0,865222329852955.9,370606265537306.9,637897453243743.9,2.9449806061341644e+24
2021-01-03,637897453243743.9,830801317954559.0,483133293950919.25,690216485254140.8,4.5318893203289605e+24
2021-01-04,690216485254140.8,940849737470146.4,534661067882985.94,755705646723315.8,1.3007253360978408e+24
2023-01-15,755705646723315.8,1014512453819385.5,540496626195691.75,834464898539508.6,1.81113997146764e+24
2023-01-18,834464898539508.6,835382846635921.8,833628021404418.6,834150781008775.2,2.3989191755855822e+25
2022-01-14,834150781008775.2,966031198385518.4,731851942628758.0,879561847636481.4,9.42885583667317e+24
2022-01-16,879561847636481.4,1469368943271470.2,518407458246552.3,1018267011370318.4,3.9967564707372235e+23
2021-01-09,1018267011370318.4,1128936500343093.0,958073008495834.0,1045411304448164.1,1.4632134383701789e+25
2021-01-10,1045411304448164.1,1430725981503874.2,786702785616409.6,1157908402616506.5,5.35100385952247e+24
2023-02-02,1157908402616506.5,1755387869501852.8,758514269368275.4,1315152046732273.5,5.235119200212447e+24
2021-01-12,1315152046732273.5,1326217801234180.2,1309766889714747.0,1317958994914705.0,1.8825602843451442e+26
2022-01-26,1317958994914705.0,1991457029876428.5,929274253301744.5,1491983592070214.8,4.841051736083163e+24
2023-02-11,1491983592070214.8,1503523184261827.5,1484027874555937.2,1494937694695816.0,2.1153413169480627e+26
2021-01-15,1494937694695816.0,1670904178898745.2,1401249278110460.8,1539726142707614.8,1.7548174836319652e+25
2021-01-16,1539726142707614.8,1869176360716090.5,1332495392024701.0,1647019229336362.0,1.5842886382116727e+25
2022-02-03,1647019229336362.0,3076134577517647.0,1022466579235057.9,1989995306696222.2,6.562057652340561e+24
2022-02-05,1989995306696222.2,2524397318460995.0,1657554533445900.8,2120658513933819.8,4.4218779633613204e+24
2023-02-26,2120658513933819.8,2772795230306945.5,1443518917727461.8,2357604841546074.5,4.43016732938971e+24
2021-01-20,2357604841546074.5,2738770750148849.0,2055436553241799.2,2500140276928442.5,2.808425697497585e+25
2021-01-21,2500140276928442.5,3531504194337077.5,1777420347724949.5,2743737363112948.5,4.2688404534460446e+24
2023-03-07,2743737363112948.5,3625662946077284.0,2141849264189112.0,2957354704183549.0,1.7009929235352257e+25
2021-01-23,2957354704183549.0,4045526413455078.0,2409065047933263.5,3302463606488421.5,1.9540078731798176e+25
2023-03-13,3302463606488421.5,3923439073453811.5,2892559867261508.5,3480471458606891.0,4.447394361390807e+25
2021-01-25,3480471458606891.0,5759348020601548.0,2536454228091225.0,4015724787975149.0,2.083106791963214e+25
2022-02-21,4015724787975149.0,5476883062541546.0,3354165261041975.5,4387498673313679.5,3.2597597885782276e+25
2022-02-23,4387498673313679.5,6369920492699789.0,3483803370229820.5,4931581721765831.0,3.478521937996208e+25
2022-02-25,4931581721765831.0,6802371325193734.0,3586135104743122.5,5478073910668220.0,2.354539806363781e+25
2021-01-29,5478073910668220.0,8332502483683303.0,3936763813838487.5,6401583599952744.0,5.552370134512892e+24
2022-03-01,6401583599952744.0,7639421306692215.0,5516429317726181.0,6744946501142780.0,2.857633006742729e+24
2022-03-03,6744946501142780.0,1.0645055857408632e+16,5032370804323358.0,7716211555352825.0,4.0169502355717294e+25
2022-03-05,7716211555352825.0,8518483741908878.0,7238250783463311.0,7926496371376114.0,2.7144687193528235e+25
2023-04-09,7926496371376114.0,1.6909914365450038e+16,1178886877976096.8,1.0250262946160742e+16,4.5320133984157244e+23
2022-03-09,1.0250262946160742e+16,1.856252816495143e+16,3639362466470832.5,1.2763306578515926e+16,3.990647818363422e+25
2022-03-11,1.2763306578515926e+16,1.4215354728351044e+16,1.176456712966724e+16,1.3253046033042924e+16,8.114159316939938e+25
2023-04-18,1.3253046033042924e+16,1.6131607986443678e+16,1.1242949154236796e+16,1.4278496050232264e+16,7.045982476402135e+25
2023-04-21,1.4278496050232264e+16,3.2924709073297156e+16,3621668547078211.0,1.8481650587276064e+16,3.115615575240517e+25
2022-03-17,1.8481650587276064e+16,2.1639363892052984e+16,1.6652947322332038e+16,1.948024686767668e+16,3.276125072613525e+26
2022-03-19,1.948024686767668e+16,3.626590494434794e+16,1.042292759524544e+16,2.3744986456850344e+16,4.9272430796787406e+25
2022-03-21,2.3744986456850344e+16,5.027988295934354e+16,7135359331302209.0,2.9889889634093532e+16,7.591310467131303e+25
2021-02-10,2.9889889634093532e+16,4.0982753373327096e+16,2.343755760359028e+16,3.2709644414882476e+16,1.6884025013410298e+26
2022-03-25,3.2709644414882476e+16,3.581695356797065e+16,2.998379601156256e+16,3.387143229812224e+16,6.551511617160523e+25
2023-05-09,3.387143229812224e+16,5.741286691263611e+16,2.285856409587836e+16,4.017600754789231e+16,1.557597334546244e+26
2022-03-29,4.017600754789231e+16,5.237970283107662e+16,3.24409070225495e+16,4.445402922401002e+16,2.215963254625829e+26
2021-02-14,4.445402922401002e+16,7.248242100504523e+16,2.818288007421948e+16,5.403703819796843e+16,8.687228351185252e+25
2023-05-18,5.403703819796843e+16,6.667319384790387e+16,4.385722213578454e+16,5.867779634845724e+16,5.0893238466370684e+26
2023-05-21,5.867779634845724e+16,9.279565458008176e+16,3.653833566181859e+16,7.079670972235071e+16,2.3381893886988934e+25
2022-04-06,7.079670972235071e+16,1.0655317168884302e+17,5.3628680897452936e+16,8.155604782074477e+16,4.63134010429329e+26
2021-02-18,8.155604782074477e+16,1.48529575970778e+17,4.666334977491176e+16,1.0126974851107606e+17,4.861066260335154e+25
2023-05-30,1.0126974851107606e+17,1.6252013882554755e+17,6.672583695998718e+16,1.1526181532063838e+17,3.123550731503353e+26
2022-04-12,1.1526181532063838e+17,1.245640612051211e+17,1.0374980327657245e+17,1.107598090118833e+17,2.846219329196275e+27
2023-06-05,1.107598090118833e+17,1.7813808665829763e+17,4.8905019081253144e+16,1.329265692512844e+17,7.053281698611206e+25
2023-06-08,1.329265692512844e+17,1.92710744086355e+17,9.448249569158238e+16,1.468948930437132e+17,9.596264822989232e+26
2022-04-18,1.468948930437132e+17,2.3484844894183603e+17,8.32451200891216e+16,1.715783499032836e+17,3.7580406377811086e+26
2022-04-20,1.715783499032836e+17,2.6986105211779475e+17,1.1566023293700075e+17,2.00801689062868e+17,9.449629053356622e+26
2023-06-17,2.00801689062868e+17,2.6539468473933363e+17,1.749486649853997e+17,2.1749909292930282e+17,1.602467906815326e+27
2023-06-20,2.1749909292930282e+17,3.126601707469063e+17,1.5522619797820685e+17,2.5192069636692368e+17,1.5101951403472043e+26
2021-02-27,2.5192069636692368e+17,2.736072808313203e+17,2.178512064463058e+17,2.4192531991251958e+17,5.546086312101224e+27
2021-02-28,2.4192531991251958e+17,3.3770883229786835e+17,1.8530474207000454e+17,2.729349368316103e+17,1.6327850480861428e+27
2021-03-01,2.729349368316103e+17,3.074430359118609e+17,2.359207178612103e+17,2.853133421244477e+17,1.45527679396347e+27
2023-07-02,2.853133421244477e+17,3.16257894213892e+17,2.627213503492021e+17,2.935961582759054e+17,2.4032954182608584e+27
2021-03-03,2.935961582759054e+17,3.857989993438744e+17,2.4351623432138554e+17,3.1554297361324134e+17,1.6473395721661648e+27
2022-05-06,3.1554297361324134e+17,7.99773420013304e+17,2.222430823451451e+16,4.1783846515199206e+17,6.1293882136337575e+26
2022-05-08,4.1783846515199206e+17,7.616104214886246e+17,2.7705555357325642e+17,5.0749048552276883e+17,6.834828046736635e+26
2023-07-14,5.0749048552276883e+17,6.111020631305371e+17,4.3666728524481754e+17,5.408270989924563e+17,1.2185295184955091e+27
2022-05-12,5.408270989924563e+17,5.4195575684028576e+17,5.398895588989428e+17,5.4123350723884915e+17,1.344271763361264e+29
2021-03-08,5.4123350723884915e+17,7.288714062964276e+17,4.046814280018932e+17,5.887776457032036e+17,3.491991373413409e+27
2022-05-16,5.887776457032036e+17,1.1931908369815875e+18,3.280763067352462e+17,7.420286848999537e+17,5.664811080609482e+26
2021-03-10,7.420286848999537e+17,1.0442666948910409e+18,5.609513696661681e+17,8.300749191399703e+17,3.378693805898137e+27
2021-03-11,8.300749191399703e+17,1.2233329122470958e+18,5.4406729717353914e+17,9.685269826821635e+17,3.0303668905749654e+27
2021-03-12,9.685269826821635e+17,1.67347842881137e+18,5.24945965165912e+17,1.1400283337825778e+18,3.080820064444102e+27
2022-05-24,1.1400283337825778e+18,1.4782990227554573e+18,8.167379758325952e+17,1.2530452164435556e+18,3.5667145800863776e+27
2021-03-14,1.2530452164435556e+18,2.0146323634415352e+18,7.551790750045126e+17,1.4430473389386988e+18,6.253871399955916e+27
2021-03-15,1.4430473389386988e+18,2.5746495777529856e+18,7.267563909317609e+17,1.7233244279324127e+18,2.9917013513880127e+27
2021-03-16,1.7233244279324127e+18,1.7296379284647729e+18,1.713275208609925e+18,1.7202758895253325e+18,3.5622807057438154e+29
2022-06-01,1.7202758895253325e+18,2.2019369877094597e+18,1.2974199966607316e+18,1.8700008411981453e+18,9.316226328687876e+27
2023-08-19,1.8700008411981453e+18,2.0316376956770317e+18,1.7014588265108424e+18,1.8137107162442857e+18,2.6078606349890046e+28
2023-08-22,1.8137107162442857e+18,3.0433627530291814e+18,1.0567552090942518e+18,2.1035233883961925e+18,2.9577044843545185e+26
2023-08-25,2.1035233883961925e+18,3.90281756017988e+18,1.2461592677136796e+18,2.5995060517088343e+18,3.0026122510098035e+27
2022-06-09,2.5995060517088343e+18,3.4266331040860027e+18,2.1659497077378458e+18,2.8315286881130916e+18,1.6167794633461123e+28
2023-08-31,2.8315286881130916e+18,3.3662681445900165e+18,2.419891061715469e+18,2.9907487972128865e+18,3.737350957831013e+28
2022-06-13,2.9907487972128865e+18,5.463829436168931e+18,9.128556043752118e+17,3.7624931009547003e+18,2.0580859329061366e+27
2023-09-06,3.7624931009547003e+18,5.042467426813312e+18,2.8237909674921073e+18,4.0769150577144284e+18,4.311733979725696e+28
2023-09-09,4.0769150577144284e+18,5.406917204511819e+18,2.7301957836952197e+18,4.5630872143017667e+18,3.233279657801211e+28
2023-09-12,4.5630872143017667e+18,6.513636286299989e+18,2.947506117694077e+18,5.223572267328051e+18,2.436509381487287e+27
2021-03-27,5.223572267328051e+18,7.20514882146137e+18,3.5808409677205934e+18,5.950895277547915e+18,1.4235864007969705e+28
2023-09-18,5.950895277547915e+18,6.058938352336679e+18,5.881633660280872e+18,5.978723185244548e+18,3.254545520749858e+28
2023-09-21,5.978723185244548e+18,6.304498316707809e+18,5.631283799536739e+18,5.838753267895773e+18,1.3640297672999038e+29
2022-06-27,5.838753267895773e+18,6.941695776072462e+18,5.007523456508325e+18,6.165136779551122e+18,4.556851477877925e+28
2021-03-31,6.165136779551122e+18,8.060238264156354e+18,5.067891011550077e+18,6.832370119538829e+18,8.966767399943812e+27
2021-04-01,6.832370119538829e+18,8.489335467145766e+18,5.432242724081242e+18,7.352398739470395e+18,7.920035593305495e+27
2022-07-03,7.352398739470395e+18,9.28923383110744e+18,6.277472183339439e+18,7.928825021377613e+18,6.567137368915848e+28
2022-07-05,7.928825021377613e+18,9.506312454480785e+18,6.713199892137529e+18,8.364950517604659e+18,1.0983871864348786e+29
2021-04-04,8.364950517604659e+18,8.958177035693466e+18,7.521721205604407e+18,8.083522742105639e+18,1.1965368254888395e+29
2023-10-12,8.083522742105639e+18,1.3069337425541804e+19,5.130819028789479e+18,9.456321327779484e+18,3.743787629107834e+28
2023-10-15,9.456321327779484e+18,1.4501599373994027e+19,6.007541354381174e+18,1.0621150769488478e+19,6.877239568352902e+28
2021-04-07,1.0621150769488478e+19,1.665684024021837e+19,6.991052241183865e+18,1.2165757721368037e+19,2.0331508041234592e+28
2021-04-08,1.2165757721368037e+19,2.8460650146176123e+19,4.907287116355888e+18,1.5945109794037074e+19,2.1444934552408376e+28
2023-10-24,1.5945109794037074e+19,3.4934184959012545e+19,5.128682912476662e+17,2.119023985009978e+19,2.8655502352820645e+28
2023-10-27,2.119023985009978e+19,3.743078213102765e+19,1.007288284836689e+19,2.5032672130087408e+19,3.57923327438032e+28
2023-10-30,2.5032672130087408e+19,3.7951593132632646e+19,1.4223444416391946e+19,2.883233145162615e+19,5.581053839143187e+28
2023-11-02,2.883233145162615e+19,5.757870104041462e+19,2.341286898246877e+18,3.7713846229615165e+19,6.8039365452738845e+28
2023-11-05,3.7713846229615165e+19,5.360646886717938e+19,2.7539174007896306e+19,4.321897776479774e+19,2.202771348900126e+28
2023-11-08,4.321897776479774e+19,5.433173314370921e+19,3.47144417401932e+19,4.611928537378779e+19,2.5937337412570934e+29
2022-07-29,4.611928537378779e+19,9.151122128800162e+19,2.4174767083481317e+19,5.593388683618835e+19,7.8506309641712105e+28
2022-07-31,5.593388683618835e+19,8.706686962266135e+19,3.345980984517245e+19,6.485379149736237e+19,2.3291663151072775e+29
2021-04-17,6.485379149736237e+19,9.703019594021344e+19,4.84727628691691e+19,7.50267004486704e+19,1.1382028412154371e+29
2022-08-04,7.50267004486704e+19,9.595589264027468e+19,6.137768350715616e+19,8.059579263053138e+19,7.502441294572547e+29
2022-08-06,8.059579263053138e+19,1.2145991876348361e+20,5.9813753176891744e+19,9.01855683845434e+19,5.173183230082821e+29
2021-04-20,9.01855683845434e+19,1.3657629627106571e+20,6.255997881678487e+19,1.056960847678721e+20,2.3825574306755408e+29
2023-11-29,1.056960847678721e+20,1.3619892197644581e+20,8.032354415609918e+19,1.165793761889259e+20,6.168786205561844e+29
2022-08-12,1.165793761889259e+20,1.8430780132713565e+20,9.199718314260265e+19,1.3276773063860627e+20,3.523308827436703e+29
2021-04-23,1.3276773063860627e+20,2.0477663675214194e+20,1.0198642590856508e+20,1.4928029819286723e+20,5.613946217699189e+29
2023-12-08,1.4928029819286723e+20,1.6367298492608322e+20,1.414372211778528e+20,1.5387156451588997e+20,1.495520343236765e+30
2022-08-18,1.5387156451588997e+20,2.381852710853505e+20,1.0310309485849515e+20,1.7991163971956467e+20,7.136012643150906e+29
2022-08-20,1.7991163971956467e+20,2.8453090674421393e+20,1.1910044900303287e+20,2.1243299123713206e+20,6.258222096573459e+29
2023-12-17,2.1243299123713206e+20,2.536174355669339e+20,1.9038059042692085e+20,2.270357693829221e+20,1.241504148233068e+30
2023-12-20,2.270357693829221e+20,2.805863611896115e+20,1.806015105224722e+20,2.436592258633613e+20,1.3823800642869995e+30
2022-08-26,2.436592258633613e+20,4.7201505766707246e+20,1.5848119406490963e+20,2.9364085723638933e+20,3.889659331724152e+29
2023-12-26,2.9364085723638933e+20,3.0416348881226e+20,2.7651247490803047e+20,2.8779909596678445e+20,1.4242442176813964e+31
2022-08-30,2.8779909596678445e+20,3.8517075501920734e+20,2.211894670073046e+20,3.159779164031636e+20,7.348456765178377e+29
2022-09-01,3.159779164031636e+20,5.997742889708809e+20,9.39586589275247e+19,3.988580396888033e+20,4.473675618911373e+29
2024-01-04,3.988580396888033e+20,6.916487807776125e+20,1.5462911233906714e+20,4.9097030229154385e+20,6.329320062288127e+28
2024-01-07,4.9097030229154385e+20,1.3574341676624996e+21,-4.672222372394993e+19,7.00797390531611e+20,5.101533269566885e+29
2022-09-07,7.00797390531611e+20,1.1982483518909126e+21,3.846072901437227e+20,8.182280548853099e+20,2.8281949872232297e+30
2021-05-06,8.182280548853099e+20,1.193297771632542e+21,6.318666696318259e+20,9.182592997112862e+20,4.431197698080644e+30
2024-01-16,9.182592997112862e+20,1.1444736002717171e+21,7.5563756632628e+20,9.861059684584687e+20,7.288062443538084e+30
2024-01-19,9.861059684584687e+20,1.6582106233167508e+21,4.5980835009246344e+20,1.1688108772508298e+21,3.697869911822826e+30
2024-01-22,1.1688108772508298e+21,3.119133017878204e+21,-9.6100105925629e+18,1.6023015996720766e+21,1.8841868769695627e+30
2021-05-10,1.6023015996720766e+21,2.5995441035987397e+21,9.816293216610699e+20,1.9337959536832678e+21,5.173916089617428e+30
2021-05-11,1.9337959536832678e+21,3.1143407700486306e+21,1.2570295502486577e+21,2.2027587919890064e+21,5.639622773181604e+30
2022-09-21,2.2027587919890064e+21,3.4655127798047813e+21,1.5781988020029397e+21,2.4938362242348446e+21,3.407650172997843e+29
2022-09-23,2.4938362242348446e+21,4.1467254965605986e+21,1.3780377178746997e+21,2.934602567963618e+21,3.228673336080796e+30
2022-09-25,2.934602567963618e+21,6.130476044507948e+21,6.387841186823974e+20,3.7981748537335386e+21,5.91068466205452e+30
2024-02-09,3.7981748537335386e+21,8.063443629829979e+21,1.6563473937902052e+21,4.900420845981704e+21,1.205847206841717e+31
2021-05-16,4.900420845981704e+21,1.0104102115218893e+22,2.037805741833668e+20,6.513824247362779e+21,2.2364676550855975e+30
2022-10-01,6.513824247362779e+21,1.0375448726674956e+22,4.3753171656109284e+21,7.571208415705677e+21,4.2794415728450434e+30
2024-02-18,7.571208415705677e+21,1.6196409523298516e+22,3.537704376801223e+21,9.610016040617106e+21,8.638975024633076e+30
2024-02-21,9.610016040617106e+21,2.0393838448482426e+22,3.059819073894052e+21,1.221373410516713e+22,6.125945672137168e+30
2024-02-24,1.221373410516713e+22,2.3076015191323572e+22,6.518155257125481e+21,1.544677264534856e+22,7.776326404594471e+30
2024-02-27,1.544677264534856e+22,2.5856478317856548e+22,9.293991837361626e+21,1.7963617499451696e+22,1.8441241171682227e+31
2024-03-01,1.7963617499451696e+22,3.2830015238868677e+22,1.1653338440096222e+22,2.2051145953670785e+22,4.878556034305819e+31
2021-05-23,2.2051145953670785e+22,3.1742991225187503e+22,1.5623754634547786e+22,2.5578427221858624e+22,3.936603832828575e+31
2024-03-07,2.5578427221858624e+22,4.956465148407122e+22,1.6696315697887315e+22,3.1151182432508567e+22,1.3000521291654925e+31
2024-03-10,3.1151182432508567e+22,5.610188887126412e+22,1.8257635734863342e+22,3.796044664441328e+22,1.2313109650383393e+32
2024-03-13,3.796044664441328e+22,8.042355906164497e+22,1.9997427925969952e+22,4.707823889178657e+22,6.23875928659456e+31
2022-10-21,4.707823889178657e+22,8.069531940799265e+22,2.7820661858275806e+22,5.5016090341576746e+22,2.277273176755133e+32
2024-03-19,5.5016090341576746e+22,9.667960651906733e+22,2.6392670790420953e+22,6.496160186163177e+22,1.8085632661248824e+32
2024-03-22,6.496160186163177e+22,1.1250205833983739e+23,4.001519336912502e+22,7.90193475654537e+22,2.0908373315487687e+32
2024-03-25,7.90193475654537e+22,1.4012565248945213e+23,3.765963076390809e+22,9.629114574929392e+22,2.093395945407462e+32
2022-10-29,9.629114574929392e+22,1.8640055541875185e+23,4.228215370019863e+22,1.1817582818161608e+23,4.236324993405855e+32
2024-03-31,1.1817582818161608e+23,2.1734551558415503e+23,5.841523151467519e+22,1.490877794884445e+23,8.82007119728145e+31
2022-11-02,1.490877794884445e+23,2.3855192504249608e+23,1.0311056096903212e+23,1.6973394334443567e+23,2.1873571919564436e+32
2022-11-04,1.6973394334443567e+23,2.7336168759716814e+23,1.1604260225491078e+23,1.9351056312146268e+23,6.058635076285222e+32
2024-04-09,1.9351056312146268e+23,2.791381270681853e+23,1.4997924325947e+23,2.1837309745574864e+23,8.581112222805918e+32
2021-06-05,2.1837309745574864e+23,3.640203466630851e+23,1.3465121633248282e+23,2.6215429496918202e+23,5.906037530306011e+32
2021-06-06,2.6215429496918202e+23,4.9250577738262605e+23,1.3952613108721404e+23,3.168265211187363e+23,6.482500766782679e+32
2024-04-18,3.168265211187363e+23,4.468237263817811e+23,1.977633346870769e+23,3.6154224139972556e+23,1.8520942548933242e+33
2022-11-14,3.6154224139972556e+23,5.384100734812598e+23,2.6511553604265283e+23,4.061419089250655e+23,6.634061162922598e+32
2022-11-16,4.061419089250655e+23,6.146340574085429e+23,2.11613058997337e+23,4.770057825336373e+23,1.7547098551366788e+33
2022-11-18,4.770057825336373e+23,7.934878760175849e+23,2.0729215100396458e+23,5.73563146859392e+23,2.2648780002261e+32
2021-06-11,5.73563146859392e+23,1.0203840597648341e+24,3.743696245937728e+23,6.809208452280946e+23,2.4900255299092827e+33
2024-05-03,6.809208452280946e+23,1.1017224284231052e+24,4.441572899783872e+23,7.914417880846336e+23,2.600956829606293e+33
2021-06-13,7.914417880846336e+23,1.148639596530068e+24,5.511245353747719e+23,8.801799671577648e+23,4.054356308282608e+33
2024-05-09,8.801799671577648e+23,1.4156717878148997e+24,4.7116064148451265e+23,1.0401981288899235e+24,1.4351931633629712e+33
2022-11-28,1.0401981288899235e+24,2.2417458532229163e+24,4.5388135756664596e+23,1.2983029750224326e+24,3.7777643591322986e+33
2021-06-16,1.2983029750224326e+24,2.456799144246069e+24,7.921662436307829e+23,1.616842560874795e+24,1.5057322130416092e+33
2024-05-18,1.616842560874795e+24,2.9017860266828135e+24,4.6434099376426264e+23,2.0285799323813017e+24,1.632875837947815e+33
2024-05-21,2.0285799323813017e+24,3.6395339891552264e+24,1.2420211446672267e+24,2.4050947903139394e+24,1.6476281826287755e+33
2024-05-24,2.4050947903139394e+24,4.257223342558793e+24,1.229328457863926e+24,2.9593518371785757e+24,4.774385744329309e+33
2024-05-27,2.9593518371785757e+24,5.309820338792802e+24,1.232302415263143e+24,3.617349730281454e+24,9.286940013492799e+33
2022-12-10,3.617349730281454e+24,5.215558738692583e+24,2.5865216651131534e+24,4.079176455992003e+24,1.6607349461356312e+34
2024-06-02,4.079176455992003e+24,9.189207411977952e+24,9.713274692930657e+23,5.299887455462163e+24,1.1608348020505163e+34
2024-06-05,5.299887455462163e+24,1.051719113499388e+25,1.0920380924460601e+24,6.725217556897573e+24,1.628968938157729e+34
2022-12-16,6.725217556897573e+24,1.1169645756757777e+25,3.6285151981593827e+24,8.033554096840647e+24,1.9721237076846936e+34
2022-12-18,8.033554096840647e+24,1.8315167492892603e+25,1.4739065622066272e+24,1.0342287619662448e+25,2.137439403682643e+34
2021-06-26,1.0342287619662448e+25,2.0883931405694935e+25,5.63910388910997e+24,1.3131250552301546e+25,3.294743453416377e+34
2022-12-22,1.3131250552301546e+25,2.556402067989717e+25,3.1942063647787986e+24,1.6457171300232124e+25,2.2475570684490757e+34
2024-06-20,1.6457171300232124e+25,3.299047151497932e+25,3.2190202399262994e+24,2.116551744279489e+25,5.049541701318167e+34
2021-06-29,2.116551744279489e+25,3.4214677177033415e+25,1.485204408245552e+25,2.4531654942878184e+25,5.032244102492165e+34
2024-06-26,2.4531654942878184e+25,4.367763749792317e+25,1.0205838024651965e+25,3.015146906072739e+25,2.5893595323107584e+34
2024-06-29,3.015146906072739e+25,5.260643945264406e+25,1.80092744607891e+25,3.754273735911295e+25,2.721785020149941e+34
2021-07-02,3.754273735911295e+25,7.2641481754245455e+25,2.4567466042236095e+25,4.61133236511628e+25,1.14893508575496e+35
2021-07-03,4.61133236511628e+25,9.57062824101977e+25,2.345280380970563e+25,5.673475740702959e+25,2.819921634436911e+34
2021-07-04,5.673475740702959e+25,1.0742050152532447e+26,3.711507547533535e+25,6.859096641393973e+25,1.0150603076666354e+35
2023-01-07,6.859096641393973e+25,1.1625725438296903e+26,2.754665452906784e+25,8.402005256622253e+25,2.3040964822446094e+35
2021-07-06,8.402005256622253e+25,1.2322701049980596e+26,5.191613504142043e+25,9.771079136466356e+25,3.1670882979687536e+35
2021-07-07,9.771079136466356e+25,1.4907469892183311e+26,5.964134254630358e+25,1.1244555718247304e+26,4.093746265632895e+35
2021-07-08,1.1244555718247304e+26,2.1929063691494907e+26,5.995688070800501e+25,1.411928186152299e+26,3.9480626730139445e+35
2021-07-09,1.411928186152299e+26,2.4082238288431293e+26,8.301131707220982e+25,1.6559411714054084e+26,3.1877935158326753e+35
2023-01-17,1.6559411714054084e+26,2.6982322299351938e+26,1.1395538443316435e+26,1.9734497033221902e+26,4.8179435340822105e+35
2024-07-29,1.9734497033221902e+26,3.8095756536041567e+26,1.1226055725541734e+26,2.414900581924752e+26,8.309197222704006e+35
2021-07-12,2.414900581924752e+26,4.3953640325726115e+26,1.0967735625071346e+26,2.9938838474620375e+26,5.1815124146483454e+35
2024-08-04,2.9938838474620375e+26,4.509389364812964e+26,1.892782291025861e+26,3.4398085118551324e+26,1.5798317017534653e+36
2021-07-14,3.4398085118551324e+26,5.6827077871656564e+26,1.971057624951906e+26,4.0541186762731676e+26,1.0266230336828942e+36
2021-07-15,4.0541186762731676e+26,7.775263006255846e+26,1.696123984813377e+26,4.866971784498237e+26,2.844204901355868e+35
2024-08-13,4.866971784498237e+26,7.076659359714543e+26,3.254271774140529e+26,5.597850540729967e+26,3.200414054624799e+36
2021-07-17,5.597850540729967e+26,9.213648017303546e+26,3.57934579187928e+26,6.858392721174945e+26,6.701101248826839e+35
2021-07-18,6.858392721174945e+26,1.4416307509365545e+27,2.9360962801185772e+26,8.890953227262099e+26,1.655817795013891e+36
2023-02-04,8.890953227262099e+26,1.3550105650700656e+27,6.0576253396019975e+26,1.0237965768505217e+27,3.780069893382411e+36
2024-08-25,1.0237965768505217e+27,1.6113335064019673e+27,6.209095609579619e+26,1.2015180808141694e+27,1.2454043279865104e+36
2021-07-21,1.2015180808141694e+27,1.9836012866953774e+27,7.616448130615583e+26,1.412377505902695e+27,4.3677234573238825e+36
2024-08-31,1.412377505902695e+27,2.5067010314418253e+27,7.089660654210521e+26,1.6834481665837505e+27,6.240461109924446e+36
2021-07-23,1.6834481665837505e+27,2.676357935007427e+27,7.903936039096214e+26,1.9927909509762362e+27,1.1435813176011762e+36
2024-09-06,1.9927909509762362e+27,3.353857926208343e+27,1.1159366199910758e+27,2.3286234312576101e+27,1.5165381589837914e+36
2024-09-09,2.3286234312576101e+27,3.539500879001596e+27,1.7165895370198317e+27,2.732066702952764e+27,6.739732323463004e+36
2023-02-18,2.732066702952764e+27,4.0002023882271285e+27,2.1613067136483517e+27,3.058132460369727e+27,3.105513224449509e+36
2023-02-20,3.058132460369727e+27,5.344599863979731e+27,2.1174019332103687e+27,3.619064364266802e+27,1.502028883482969e+37
2023-02-22,3.619064364266802e+27,5.818730867081975e+27,1.688932972265208e+27,4.370531274902199e+27,1.0124487116155323e+37
2021-07-29,4.370531274902199e+27,6.935168408160155e+27,2.7601855792600023e+27,5.081132726848858e+27,1.7441539152403558e+36
2024-09-24,5.081132726848858e+27,9.549161221221865e+27,2.069111109561113e+27,6.141180178504226e+27,1.649786125510859e+37
2021-07-31,6.141180178504226e+27,1.0515642595176808e+28,3.0919337602357417e+27,7.488474331617765e+27,1.5003273122272477e+36
2021-08-01,7.488474331617765e+27,1.2702509781408824e+28,4.910048758851863e+27,8.983103752660966e+27,3.496217671140944e+37
2021-08-02,8.983103752660966e+27,1.7729453982791014e+28,2.5601211309623294e+27,1.122035845019254e+28,2.6808818761745e+37
2023-03-06,1.122035845019254e+28,2.152427897361007e+28,6.651172367638765e+27,1.3528141589185826e+28,4.515552008452265e+37
2024-10-09,1.3528141589185826e+28,2.4739188350459725e+28,6.395046709278581e+27,1.669409828974107e+28,5.219409254777591e+37
2021-08-05,1.669409828974107e+28,2.6892391562024183e+28,9.302839485521992e+27,2.0211421777777097e+28,6.958531523005212e+37
2023-03-12,2.0211421777777097e+28,4.25912772334995e+28,1.0071241131783218e+28,2.536907182076714e+28,7.565606569912105e+36
2023-03-14,2.536907182076714e+28,4.84273810740563e+28,1.378542565164933e+28,3.129159322341876e+28,6.807958535585185e+37
2023-03-16,3.129159322341876e+28,5.363099872668853e+28,1.2272568847006192e+28,3.7721747536251583e+28,1.5194327399023402e+38
2021-08-09,3.7721747536251583e+28,6.91734760835119e+28,2.487580466572466e+28,4.516500512348745e+28,1.7837600842347053e+38
2021-08-10,4.516500512348745e+28,6.583467545306697e+28,3.178822758177203e+28,5.178836722670182e+28,2.5906794030395438e+38
2021-08-11,5.178836722670182e+28,9.371771004518354e+28,2.2645193118285604e+28,6.229605777360077e+28,1.8631423832199362e+38
2021-08-12,6.229605777360077e+28,1.0176120841702837e+29,2.5252884207442648e+28,7.474891088872381e+28,1.3263921018355332e+38
2021-08-13,7.474891088872381e+28,1.3116196631482653e+29,4.839592576480503e+28,9.15787339345539e+28,7.939896205106026e+37
2024-11-08,9.15787339345539e+28,1.5543646811844055e+29,4.0249822739450115e+28,1.0963089280676806e+29,2.1550613490293726e+38
2024-11-11,1.0963089280676806e+29,1.8320904179499492e+29,4.424029376805445e+28,1.3358398156843144e+29,4.218988469543876e+37
2024-11-14,1.3358398156843144e+29,2.16543056622865e+29,6.300412430177309e+28,1.6188763583364462e+29,8.788864732697516e+37
2023-04-03,1.6188763583364462e+29,2.9852828969191514e+29,7.96567615320774e+28,1.9412127932319117e+29,6.000313433061073e+38
2023-04-05,1.9412127932319117e+29,3.670781912740577e+29,1.0770273133825868e+29,2.4082348507425792e+29,7.617907561945117e+38
2021-08-19,2.4082348507425792e+29,4.006752221978263e+29,1.508709791014144e+29,2.9232608372953745e+29,5.308271150593098e+38
2023-04-09,2.9232608372953745e+29,4.1553432680189395e+29,2.06459503299515e+29,3.344706144211569e+29,1.5666334041953218e+39
2023-04-11,3.344706144211569e+29,5.2254442279436196e+29,2.254389214518339e+29,3.9726158692632625e+29,1.2278926507084376e+39
2024-12-02,3.9726158692632625e+29,7.801554862467212e+29,2.5287266412682897e+29,4.897892460552446e+29,1.4285661429910124e+39
2023-04-15,4.897892460552446e+29,1.0327755044361075e+30,2.4552555315912125e+29,6.06418150436509e+29,1.2024841551980394e+38
2023-04-17,6.06418150436509e+29,1.1291891331078102e+30,1.4366752147550221e+29,7.613907944835985e+29,9.674835861586776e+37
2023-04-19,7.613907944835985e+29,1.4465660304642725e+30,4.703895792753517e+29,9.386049451167903e+29,3.627458679901534e+38
2021-08-26,9.386049451167903e+29,1.3335496389642566e+30,7.235227135597618e+29,1.0736641108772789e+30,5.1084222012331856e+39
2021-08-27,1.0736641108772789e+30,2.0552599794361507e+30,4.038055670885712e+29,1.3475848825230726e+30,2.728013423901907e+39
2024-12-20,1.3475848825230726e+30,2.75754654862889e+30,3.3410195220056735e+29,1.6999606076982058e+30,4.341209673757969e+38
2021-08-29,1.6999606076982058e+30,3.2961960514026056e+30,1.0927359653406522e+30,2.0706788744366806e+30,6.616685186821583e+39
2023-04-29,2.0706788744366806e+30,3.7725246936798976e+30,4.847817460312067e+29,2.6150207779970276e+30,4.736466866373036e+38
2024-12-29,2.6150207779970276e+30,3.7443867997029793e+30,1.9494812795689325e+30,2.9359027861300173e+30,9.214843697196186e+39
2023-05-03,2.9359027861300173e+30,5.07106345794182e+30,1.7595227113824934e+30,3.596520776634491e+30,3.7454119142496386e+39
2021-09-02,3.596520776634491e+30,6.742158034964897e+30,1.775485871696842e+30,4.533914360292607e+30,5.766160644712649e+39
2025-01-07,4.533914360292607e+30,8.030955797937311e+30,2.9847730449724827e+30,5.483386103198303e+30,8.425987524877049e+39
2023-05-09,5.483386103198303e+30,1.0211183246172505e+31,2.4456572502829185e+30,6.725236244757471e+30,1.9469893953140468e+40
2021-09-05,6.725236244757471e+30,1.6299114938709037e+31,1.458198266718613e+30,8.695788791268781e+30,8.389563960641322e+39
2025-01-16,8.695788791268781e+30,1.5547966852247238e+31,5.150464023226328e+30,1.0484183118630182e+31,1.1743013295503138e+40
2021-09-07,1.0484183118630182e+31,1.5661232082021133e+31,7.59497732968312e+30,1.2064253089149717e+31,6.238668803600059e+40
2023-05-17,1.2064253089149717e+31,2.8610715353387185e+31,1.2835480778505508e+30,1.6132039562971203e+31,3.5766231905592603e+40
2021-09-09,1.6132039562971203e+31,2.8630781896033773e+31,6.0040812594466e+30,2.020719026042017e+31,1.7489050524529744e+40
2025-01-28,2.020719026042017e+31,4.516365474784978e+31,3.357784024670855e+29,2.7381612889260573e+31,4.549861377477457e+40
2023-05-23,2.7381612889260573e+31,6.037417030658002e+31,6.205672977871334e+30,3.447023760051021e+31,1.9247201099525733e+40
2021-09-12,3.447023760051021e+31,5.118086581546492e+31,2.2059860884707885e+31,3.879294967657949e+31,1.0424426089366768e+40
2025-02-06,3.879294967657949e+31,5.773096391402818e+31,2.5400541900945994e+31,4.448826691823852e+31,3.9815021137608582e+40
2021-09-14,4.448826691823852e+31,9.450089066275748e+31,1.9702007247000868e+31,5.520346664844235e+31,3.3949942826998235e+40
2021-09-15,5.520346664844235e+31,7.336640643436152e+31,4.331936442719671e+31,6.163100573587602e+31,1.0744540436405272e+41
2025-02-15,6.163100573587602e+31,9.566367495102075e+31,3.720479516176264e+31,7.064547152751285e+31,1.4636176421091172e+41
2021-09-17,7.064547152751285e+31,1.3178009380611879e+32,3.254781400494521e+31,8.441690648981146e+31,1.1972025000145385e+41
2021-09-18,8.441690648981146e+31,1.4639975215348948e+32,5.126962552635983e+31,1.0430868585561654e+32,1.902417655421368e+41
2023-06-08,1.0430868585561654e+32,2.2783718189522066e+32,4.997500756826265e+31,1.3067931436942373e+32,3.888693019141503e+41
2023-06-10,1.3067931436942373e+32,1.965274561282158e+32,7.132307338624529e+31,1.507064488203731e+32,6.267568119091349e+41
2023-06-12,1.507064488203731e+32,2.547046626329902e+32,7.675953862603809e+31,1.7584996545196674e+32,5.895811500856379e+41
2021-09-22,1.7584996545196674e+32,3.0650956704718552e+32,1.0266831025351518e+32,2.0608327923292678e+32,3.7154649077505506e+41
2025-03-08,2.0608327923292678e+32,3.0197881623187905e+32,1.6019665173372576e+32,2.321104563082007e+32,5.119754037054272e+41
2025-03-11,2.321104563082007e+32,3.460437779633084e+32,1.2706687356927049e+32,2.7325540787118347e+32,7.55664081346749e+41
2025-03-14,2.7325540787118347e+32,4.4330313951123736e+32,1.3147794643306075e+32,3.3224128910296465e+32,1.1669151453493072e+42
2025-03-17,3.3224128910296465e+32,6.28351427214745e+32,2.192194252321329e+32,3.982986663264187e+32,1.2497511508925976e+42
2021-09-27,3.982986663264187e+32,7.51019192073025e+32,2.003817093370508e+32,4.982931871154622e+32,1.0150855374875223e+42
2021-09-28,4.982931871154622e+32,9.59952981472922e+32,2.7648373670779408e+32,6.089973054770897e+32,4.773222785947586e+40
2021-09-29,6.089973054770897e+32,8.427594289960513e+32,4.8844956076181674e+32,6.842600475731701e+32,1.3013823177600386e+42
2021-09-30,6.842600475731701e+32,1.1342299532423193e+33,4.148184697120184e+32,8.107893399956558e+32,6.4637147804533496e+41
2023-07-02,8.107893399956558e+32,1.3171332923198254e+33,5.21952393051713e+32,9.504543928518128e+32,2.5914086621229885e+42
2021-10-02,9.504543928518128e+32,1.8014356053618145e+33,3.763382548172169e+32,1.1681398741522688e+33,9.682732000480344e+41
2023-07-06,1.1681398741522688e+33,1.530111977938922e+33,8.088708575820201e+32,1.2979034162041464e+33,3.1753071564441326e+42
2023-07-08,1.2979034162041464e+33,2.1060548882802962e+33,6.214321083271201e+32,1.5367790996707575e+33,1.1938729007943412e+42
2021-10-05,1.5367790996707575e+33,2.761244286947269e+33,6.2086279417483935e+32,1.8584708409054432e+33,7.50104617443597e+41
2025-04-16,1.8584708409054432e+33,4.195827637053607e+33,6.924859642221382e+32,2.4015509630401592e+33,4.1790569120215105e+42
2025-04-19,2.4015509630401592e+33,4.289018824866211e+33,1.647949346230738e+33,2.8357393977472776e+33,1.4644184179340793e+42
2021-10-08,2.8357393977472776e+33,5.489867229571504e+33,8.659375588119761e+32,3.517718640580457e+33,6.423003065351612e+42
2025-04-25,3.517718640580457e+33,5.626595392300287e+33,2.3220986612363867e+33,4.1617985491582125e+33,1.1362059927978968e+42
2025-04-28,4.1617985491582125e+33,5.735569431799854e+33,3.314190135072456e+33,4.7247229465511765e+33,2.976955401823685e+42
2025-05-01,4.7247229465511765e+33,7.825982946278138e+33,2.9374211065984094e+33,5.529635263318664e+33,2.940219464740693e+42
2021-10-12,5.529635263318664e+33,8.922192259963091e+33,2.3591380238020248e+33,6.676017885607243e+33,8.409028808077614e+42
2023-07-26,6.676017885607243e+33,1.2230119178701298e+34,2.4119655278025162e+33,8.17622124796971e+33,8.09131613358103e+42
2025-05-10,8.17622124796971e+33,1.3724618829049922e+34,5.511494731515435e+33,9.473491720027399e+33,2.3257173249140485e+43
2023-07-30,9.473491720027399e+33,1.5499789129353233e+34,6.253676615120609e+33,1.1172511846383698e+34,4.4302925306282225e+43
2025-05-16,1.1172511846383698e+34,2.350473466726688e+34,6.349544257023302e+33,1.4134002195740714e+34,1.476718625114263e+43
2025-05-19,1.4134002195740714e+34,2.5399100002284297e+34,5.870384945614261e+33,1.727047438026987e+34,1.4982892574300573e+43
2021-10-18,1.727047438026987e+34,3.2423233319870283e+34,7.68430665497158e+33,2.143245321529489e+34,6.222157354825721e+43
2023-08-07,2.143245321529489e+34,3.0350230061861566e+34,1.6878465091672096e+34,2.388946911030864e+34,5.718255829790245e+43
2023-08-09,2.388946911030864e+34,4.707944889907609e+34,6.606379991790806e+33,2.9952258831536394e+34,7.553638871234934e+43
2025-05-31,2.9952258831536394e+34,4.917366958161314e+34,2.2445596355611275e+34,3.4313626980334685e+34,1.953670526030832e+44
2023-08-13,3.4313626980334685e+34,7.576036084355589e+34,1.0472717228917756e+34,4.310228334810059e+34,1.8075920463688313e+43
2023-08-15,4.310228334810059e+34,8.613783381637662e+34,8.423094348941694e+33,5.683831179859397e+34,2.838912404224738e+43
2025-06-09,5.683831179859397e+34,1.0287062967857227e+35,2.222192337661784e+34,7.020033604303508e+34,1.956607216842716e+44
2021-10-25,7.020033604303508e+34,1.3316888501939396e+35,3.3546456187509673e+34,8.768760305990883e+34,9.380484587516728e+43
2023-08-21,8.768760305990883e+34,1.0749037054522489e+35,6.861346519718455e+34,9.516584421512677e+34,6.083853404118266e+44
2023-08-23,9.516584421512677e+34,1.4513270865539302e+35,6.609845926597757e+34,1.1202174478744952e+35,3.067549514967974e+44
2025-06-21,1.1202174478744952e+35,2.0992871678452048e+35,6.049561413230119e+34,1.3400364199587021e+35,6.278491839626092e+43
2023-08-27,1.3400364199587021e+35,1.7240011736925004e+35,1.0694423689998691e+35,1.435984827221496e+35,1.6452842490870875e+45
2023-08-29,1.435984827221496e+35,2.2045483610618382e+35,1.1176558724388216e+35,1.6405403216569306e+35,2.8493966443989867e+44
2021-10-31,1.6405403216569306e+35,3.089500104411693e+35,7.198202463309724e+34,2.005728735539715e+35,3.0046951395241662e+44
2023-09-02,2.005728735539715e+35,3.448165191170384e+35,8.489341176138182e+34,2.4474852823177984e+35,8.39298438622011e+44
2023-09-04,2.4474852823177984e+35,3.523133469633525e+35,1.3900004792740609e+35,2.8353995160969574e+35,4.787406922571138e+44
2023-09-06,2.8353995160969574e+35,5.6572592552591414e+35,8.164894520129894e+34,3.517753043903251e+35,2.7767567022218855e+44
2023-09-08,3.517753043903251e+35,5.108564879200753e+35,2.712165898207371e+35,3.889906149957114e+35,2.751764182647797e+45
2023-09-10,3.889906149957114e+35,5.891440638780824e+35,2.4084094133410264e+35,4.574967619324243e+35,2.0194667249466746e+45
2023-09-12,4.574967619324243e+35,6.683025155752784e+35,3.1551197232497913e+35,5.112943675622835e+35,3.379025476381315e+45
2021-11-07,5.112943675622835e+35,7.68092482696927e+35,3.3373605686393145e+35,5.898532860017185e+35,4.801674937364544e+44
2025-07-24,5.898532860017185e+35,1.0480346306885285e+36,4.2635628967371024e+35,6.957847623007958e+35,6.59635680029774e+44
2021-11-09,6.957847623007958e+35,1.207100703315039e+36,2.902248831617042e+35,8.367487211652751e+35,2.4300877488992352e+45
2023-09-20,8.367487211652751e+35,1.2640535290329552e+36,5.577734847336367e+35,9.637676705599023e+35,2.2212497414791865e+45
2021-11-11,9.637676705599023e+35,1.5472282950448813e+36,6.1297741893066964e+35,1.1254851262270525e+36,5.5191584132691965e+45
2023-09-24,1.1254851262270525e+36,1.7542945289067254e+36,7.847400341252041e+35,1.2937842396158645e+36,1.2936571468648598e+45
2023-09-26,1.2937842396158645e+36,2.0661769627402637e+36,8.038011513227243e+35,1.5293701906374713e+36,1.2169612463802354e+45
2025-08-11,1.5293701906374713e+36,2.1750535153528103e+36,1.2319817635479727e+36,1.692637848288956e+36,3.282625779594978e+45
2021-11-15,1.692637848288956e+36,2.649789274647548e+36,1.2693449885658037e+36,1.9692856475325026e+36,8.103741335166229e+45
2025-08-17,1.9692856475325026e+36,2.7518102377437754e+36,1.1484210489729941e+36,2.2555731944768897e+36,8.817141357934051e+45
2025-08-20,2.2555731944768897e+36,3.9298432891187425e+36,9.962008826445327e+35,2.687677875125602e+36,8.425644879905704e+45
2025-08-23,2.687677875125602e+36,4.208729631600244e+36,1.839138058991695e+36,3.084988247919063e+36,6.958171535491674e+45
2023-10-08,3.084988247919063e+36,4.5558710963872595e+36,2.0496778711727145e+36,3.5388812612325555e+36,1.3154589556642884e+46
2025-08-29,3.5388812612325555e+36,5.528314643353038e+36,2.0185168728475272e+36,4.209451595599771e+36,1.2433317156929403e+46
2023-10-12,4.209451595599771e+36,5.795988227413217e+36,2.9384767437397726e+36,4.7124852931347166e+36,1.7151910317383716e+46
2023-10-14,4.7124852931347166e+36,7.953419044438759e+36,2.9178372833528174e+36,5.44175253583396e+36,2.627616882114337e+46
2023-10-16,5.44175253583396e+36,7.71614004778984e+36,4.361519517616206e+36,6.047760223947356e+36,2.551351599819982e+46
2021-11-24,6.047760223947356e+36,7.910297871259999e+36,4.807039079844457e+36,6.505904550042178e+36,6.42135293869001e+46
2025-09-13,6.505904550042178e+36,9.174238848762574e+36,5.1135485556096514e+36,7.411099886946076e+36,2.3492104252887335e+46
2023-10-22,7.411099886946076e+36,1.2255943456403612e+37,4.2557128802256983e+36,8.894000085684539e+36,1.460769512614567e+46
2021-11-27,8.894000085684539e+36,1.015180859462097e+37,8.231427587442525e+36,9.222860891902093e+36,1.7228126133428522e+47
2025-09-22,9.222860891902093e+36,1.2213092311142356e+37,6.9447882993775e+36,1.0073730726202484e+37,9.071858633000082e+46
2025-09-25,1.0073730726202484e+37,1.4460821211767648e+37,6.448532865416582e+36,1.1531728532448594e+37,3.9162836691902255e+46
2023-10-30,1.1531728532448594e+37,1.8577342099455456e+37,7.536300677519297e+36,1.3893209457089621e+37,1.4982789181540562e+46
2025-10-01,1.3893209457089621e+37,2.50284363001469e+37,8.346082390886085e+36,1.6661998635759374e+37,6.860258684968697e+45
2023-11-03,1.6661998635759374e+37,2.3962163292514134e+37,1.0040306849151558e+37,1.9020866413710464e+37,5.016873633524892e+46
2023-11-05,1.9020866413710464e+37,2.6665688484305192e+37,1.5306976074453823e+37,2.1235903034497987e+37,1.0313012147500099e+46
2025-10-10,2.1235903034497987e+37,4.521335239523864e+37,3.92388784336802e+36,2.7171889055041425e+37,6.115948107290618e+45
2021-12-05,2.7171889055041425e+37,2.927057887178738e+37,2.586343891880372e+37,2.7843738883765464e+37,6.980510430875693e+46
2021-12-06,2.7843738883765464e+37,4.431993052125549e+37,1.8080277016249852e+37,3.3266544070633345e+37,5.934494890136914e+46
2025-10-19,3.3266544070633345e+37,7.828726916758383e+37,-3.747976816953951e+36,4.651634406417038e+37,1.5748527754591146e+46
2021-12-08,4.651634406417038e+37,5.35716612347463e+37,4.133734193449927e+37,4.86332040961473e+37,1.891569191341927e+47
2025-10-25,4.86332040961473e+37,9.58019874790549e+37,1.1071522684283326e+37,6.275247339475683e+37,9.724512375350416e+46
2021-12-10,6.275247339475683e+37,1.1939221245003788e+38,2.3002766966949937e+37,7.777870813478579e+37,2.5462626049601704e+46
2025-10-31,7.777870813478579e+37,1.1027480763650492e+38,5.663800645619196e+37,8.73183036990887e+37,9.272813395898803e+45
2025-11-03,8.73183036990887e+37,1.5585044448270254e+38,4.369269854638932e+37,1.0849935897549351e+38,8.616301131335327e+45
2023-11-25,1.0849935897549351e+38,1.740734909421141e+38,7.385158705261173e+37,1.3150301035166877e+38,3.767844977044601e+47
2021-12-14,1.3150301035166877e+38,1.8177325075667138e+38,1.0479896972492575e+38,1.4474561588084816e+38,1.797410688732524e+47
2023-11-29,1.4474561588084816e+38,1.9761812474208855e+38,1.1518890634170052e+38,1.635886179122709e+38,1.0551573431457432e+48
2023-12-01,1.635886179122709e+38,2.9935274028320582e+38,8.457691649600333e+37,1.9658502244019416e+38,2.793664888493378e+47
2025-11-18,1.9658502244019416e+38,4.574840114620109e+38,8.252510114972098e+37,2.5252756276859663e+38,1.3577303932310473e+47
2023-12-05,2.5252756276859663e+38,4.004304920412091e+38,1.570058345113486e+38,3.0454099166002915e+38,1.2076799848935769e+48
2021-12-19,3.0454099166002915e+38,4.905993780684607e+38,1.8147528618006053e+38,3.645763471931492e+38,1.0103815385270732e+48
2021-12-20,3.645763471931492e+38,4.745996642550665e+38,2.8138558317871543e+38,3.983871113422531e+38,3.0409072757786435e+48
2025-11-30,3.983871113422531e+38,1.2841544033273068e+39,-7.12755621754103e+37,5.8774038938636375e+38,2.476350726592802e+46
2025-12-03,5.8774038938636375e+38,1.147170635388341e+39,2.060568518220021e+38,7.639178970500757e+38,2.595221657987042e+47
2023-12-15,7.639178970500757e+38,1.2712601897470444e+39,4.512713021851113e+38,8.917652953405634e+38,1.4063733570441878e+48
2025-12-09,8.917652953405634e+38,1.4919990353096123e+39,4.384552810071976e+38,1.0905450366106902e+39,2.5066775463052618e+48
2025-12-12,1.0905450366106902e+39,2.2118297047189928e+39,1.847073013912427e+38,1.4418969626992002e+39,4.283825859759894e+47
2021-12-26,1.4418969626992002e+39,3.7158419906858504e+39,3.303032082699548e+38,1.9366844201170828e+39,2.5754181289831856e+48
2023-12-23,1.9366844201170828e+39,4.362043040121978e+39,5.587999030982875e+38,2.5882791129586247e+39,9.714827113412433e+47
2025-12-21,2.5882791129586247e+39,2.7439255698521156e+39,2.5024625678065188e+39,2.6356512377240793e+39,1.3205352905058444e+50
2023-12-27,2.6356512377240793e+39,4.333495445663436e+39,1.6885360036060158e+39,3.204268471071219e+39,7.066308396929509e+48
2023-12-29,3.204268471071219e+39,5.483125722738e+39,2.0088232327422387e+39,3.935372185989418e+39,7.254765225936307e+48
2025-12-30,3.935372185989418e+39,6.75928201721629e+39,2.3605218297136168e+39,4.656085656124899e+39,2.1005535958354396e+49
2024-01-02,4.656085656124899e+39,5.0506739979186093e+39,4.4560141971824133e+39,4.7773621531619645e+39,3.270461678419433e+49
2022-01-02,4.7773621531619645e+39,9.857175342550777e+39,2.1643472291199314e+39,5.998972114803928e+39,2.3305402981384058e+48
2022-01-03,5.998972114803928e+39,8.333519479796161e+39,4.538930783664709e+39,6.85400166426388e+39,2.7388682966557635e+49
2024-01-08,6.85400166426388e+39,1.0707546795260331e+40,3.991524020271044e+39,7.869888425276711e+39,4.717762802086359e+48
2024-01-10,7.869888425276711e+39,1.5045097024639094e+40,3.258183398879411e+39,1.0064719500343494e+40,2.7165711295782383e+49
2024-01-12,1.0064719500343494e+40,2.077948826165392e+40,4.103522985682431e+39,1.2859978484917296e+40,3.215388827395848e+49
2022-01-07,1.2859978484917296e+40,1.6389403949500308e+40,9.688508613139132e+39,1.4106500593849476e+40,9.0296726702052e+48
2022-01-08,1.4106500593849476e+40,3.461132112316798e+40,2.1227632194735074e+39,1.9198563246579173e+40,1.7342580617481178e+49
2026-01-26,1.9198563246579173e+40,4.2998122756263794e+40,6.275990981493774e+39,2.5539690184561454e+40,2.239485393384675e+48
2026-01-29,2.5539690184561454e+40,6.43188643707466e+40,7.360875316841586e+39,3.371134155864416e+40,3.9371419425098577e+49
2024-01-22,3.371134155864416e+40,4.794703818039407e+40,2.708629488464023e+40,3.7864965238769245e+40,1.8014842423574196e+50
2022-01-12,3.7864965238769245e+40,6.571128886945143e+40,2.189634001778974e+40,4.461710226639523e+40,1.2089892379701707e+50
2026-02-07,4.461710226639523e+40,6.042995763499002e+40,3.5731888812085954e+40,4.8516435350345185e+40,3.5295240915363335e+50
2026-02-10,4.8516435350345185e+40,1.0154317081598458e+41,1.7613866188611218e+40,6.382516328708154e+40,1.0448380224106987e+50
2024-01-30,6.382516328708154e+40,1.2245209675678945e+41,1.3869737751156043e+40,8.205935481329436e+40,1.995342766756825e+50
2026-02-16,8.205935481329436e+40,1.7285646253086678e+41,6.092937449008099e+39,1.0945173356780089e+41,2.097755568515049e+50
2022-01-17,1.0945173356780089e+41,1.961364637840011e+41,4.550931918016068e+40,1.3802970730479588e+41,1.0416225200232916e+50
2024-02-05,1.3802970730479588e+41,2.9752318923018785e+41,5.715514140340289e+40,1.7645147116097497e+41,1.203228558448656e+50
2024-02-07,1.7645147116097497e+41,3.3223798269177615e+41,7.670653183862841e+40,2.1872429353883553e+41,7.154609177946951e+49
2024-02-09,2.1872429353883553e+41,3.608225853468773e+41,1.2207371398834856e+41,2.5769536635665638e+41,1.370192526057568e+50
2024-02-11,2.5769536635665638e+41,4.316475472777763e+41,1.1897064916588702e+41,3.1739662324819604e+41,9.206112787638187e+50
2026-03-06,3.1739662324819604e+41,8.324975117734518e+41,6.563601070950626e+40,4.248259960699959e+41,6.170785819867647e+50
2024-02-15,4.248259960699959e+41,7.902782710728296e+41,2.582465086751538e+41,5.0628241177158535e+41,1.4120743450298665e+50
2022-01-24,5.0628241177158535e+41,1.0830791244183928e+42,1.8777298192630392e+41,6.38998726072836e+41,1.389591114063388e+51
2024-02-19,6.38998726072836e+41,1.0287785519274171e+42,4.749095753840383e+41,7.371948422542106e+41,3.167414362932791e+51
2022-01-26,7.371948422542106e+41,1.6545371953356377e+42,1.446810386208572e+41,9.566550410678004e+41,1.3674642011467526e+51
2024-02-23,9.566550410678004e+41,1.8186815760275536e+42,6.278488632882124e+41,1.1662636726255134e+42,7.532262432740266e+50
2022-01-28,1.1662636726255134e+42,2.3770155060942562e+42,5.515912708879378e+41,1.4929678847099934e+42,8.491581108905612e+50
2022-01-29,1.4929678847099934e+42,2.044415922808826e+42,1.2155277106188237e+42,1.625756011753119e+42,7.763015655238107e+51
2022-01-30,1.625756011753119e+42,2.808123044467124e+42,6.647658043751761e+41,1.958285502081112e+42,6.669448619365618e+51
2026-04-02,1.958285502081112e+42,2.9600981772880096e+42,1.0025988817726667e+42,2.2950757475399756e+42,5.2698590434670826e+51
2026-04-05,2.2950757475399756e+42,4.549144579474696e+42,9.424712059180951e+41,2.8843056015568205e+42,5.192541181707803e+50
2024-03-06,2.8843056015568205e+42,5.3758741426054974e+42,1.598679160856776e+42,3.462271627561402e+42,7.387692843567505e+51
2022-02-03,3.462271627561402e+42,6.307417679769199e+42,2.3539647384311418e+42,4.131809579894881e+42,1.1833506186749633e+52
2026-04-14,4.131809579894881e+42,6.989772258667939e+42,2.625399715467596e+42,4.799495562476666e+42,9.992650246804469e+51
2026-04-17,4.799495562476666e+42,1.0579129614577203e+43,1.3819034166923876e+40,6.424297721197918e+42,1.376304513923438e+52
2024-03-14,6.424297721197918e+42,1.0103321176611519e+43,4.8872905237598177e+42,7.324569611299999e+42,2.7804037431263073e+52
2026-04-23,7.324569611299999e+42,8.43099437802156e+42,6.687732229574369e+42,7.647695242103679e+42,1.2277272573422199e+53
2026-04-26,7.647695242103679e+42,1.34325186837509e+43,4.990287727890361e+42,9.122939738493881e+42,2.4894622731324964e+52
2024-03-20,9.122939738493881e+42,1.258182659278316e+43,6.08348824506163e+42,1.0307636422767346e+43,6.85263378299826e+52
2022-02-10,1.0307636422767346e+43,1.1079315941524342e+43,9.714575583679458e+42,1.0540990078325522e+43,1.4986749198095532e+53
2022-02-11,1.0540990078325522e+43,1.893534438385875e+43,4.2097494847937806e+42,1.2713679794085637e+43,3.6464332768806527e+52
2026-05-08,1.2713679794085637e+43,1.7039281770523366e+43,9.613043981105104e+42,1.3836250963188156e+43,4.2198604840086005e+52
2024-03-28,1.3836250963188156e+43,2.330493472535761e+43,8.228317520026913e+42,1.7100491862722397e+43,3.950258855564388e+52
2022-02-14,1.7100491862722397e+43,2.2474745646972923e+43,1.244761291771149e+43,1.8837743820171608e+43,1.655830097723827e+53
2026-05-17,1.8837743820171608e+43,3.3909017915892337e+43,1.1587378541642548e+43,2.25698304981639e+43,7.188878925694653e+52
2022-02-16,2.25698304981639e+43,5.400494617762918e+43,4.485581149296969e+42,3.086957705167966e+43,3.8049315582068773e+52
2026-05-23,3.086957705167966e+43,5.582441909283405e+43,1.6704358790935785e+43,3.6918162816405354e+43,3.863336609559865e+52
2026-05-26,3.6918162816405354e+43,4.0582202665429995e+43,3.3864148080823134e+43,3.8141363591788467e+43,1.0331542993966616e+54
2024-04-09,3.8141363591788467e+43,4.779772790570119e+43,3.0446990013381225e+43,4.075073164508983e+43,3.5270767263421035e+52
2026-06-01,4.075073164508983e+43,7.882731928964625e+43,1.3477924732717293e+43,5.197021889086876e+43,1.1591074885100019e+53
2024-04-13,5.197021889086876e+43,1.1817865169841261e+44,1.4025347659416762e+43,6.732351070694561e+43,1.3326702102492493e+53
2026-06-07,6.732351070694561e+43,7.686047817872355e+43,6.270668534393969e+43,6.989598301087537e+43,1.2820781910201145e+54
2022-02-23,6.989598301087537e+43,1.2195267488569542e+44,4.669324454281083e+43,8.292782589026396e+43,6.825059027094107e+52
2026-06-13,8.292782589026396e+43,1.4860986006084992e+44,4.992975726118081e+43,1.0406754215403144e+44,9.314398091707097e+52
2024-04-21,1.0406754215403144e+44,2.0537926180905394e+44,4.492001266394757e+43,1.337028864311669e+44,2.604124878281995e+53
2022-02-26,1.337028864311669e+44,2.521880461330484e+44,2.0125833039807342e+43,1.7296293359024684e+44,2.7361587133115432e+53
2026-06-22,1.7296293359024684e+44,2.431644128730032e+44,1.2558511471829897e+44,1.930466588377012e+44,5.429564353138536e+53
2026-06-25,1.930466588377012e+44,2.6982868932728956e+44,1.4942316157870658e+44,2.1688537769797982e+44,3.0020067778678314e+53
2022-03-01,2.1688537769797982e+44,3.976043688423813e+44,1.1728329304256559e+44,2.6419945941955895e+44,3.5384169344784855e+53
2022-03-02,2.6419945941955895e+44,4.26017668817609e+44,1.811020233917319e+44,3.0581893460090783e+44,5.0421064441405685e+53
2026-07-04,3.0581893460090783e+44,3.75417099989955e+44,2.1105989159089918e+44,2.8037666227933568e+44,6.879834271824829e+52
2026-07-07,2.8037666227933568e+44,4.094159931885291e+44,2.076370420170222e+44,3.1947301669429413e+44,1.2985944748046581e+54
2026-07-10,3.1947301669429413e+44,5.947771413569152e+44,1.8936545500777336e+44,3.822644561504779e+44,1.297489559587264e+54
2022-03-06,3.822644561504779e+44,6.835812301485446e+44,1.85695554424779e+44,4.673461077782009e+44,4.980706803135102e+53
2026-07-16,4.673461077782009e+44,9.497163482031998e+44,2.2670099582388414e+44,5.783276090291759e+44,1.0511744819299545e+53
2026-07-19,5.783276090291759e+44,7.996913676473439e+44,4.116447146250361e+44,6.51728968841986e+44,4.323010028253621e+54
2022-03-09,6.51728968841986e+44,1.5880003296715774e+45,9.508182206997522e+43,8.798256885706188e+44,4.072034843645954e+53
2026-07-25,8.798256885706188e+44,1.54038181695414e+45,4.33756202117306e+44,1.0392827899331679e+45,2.0873001135243874e+54
2022-03-11,1.0392827899331679e+45,1.9348216435346017e+45,5.04387847101819e+44,1.2440615546536158e+45,2.325456687082271e+54
2022-03-12,1.2440615546536158e+45,2.747382363224916e+45,6.457641261034413e+44,1.58977195116504e+45,2.080086206419033e+54
2024-05-23,1.58977195116504e+45,2.5363387885398167e+45,1.0174379822656812e+45,1.8945515188042663e+45,6.612220995064999e+53
2022-03-14,1.8945515188042663e+45,3.327723397257305e+45,1.2010444328705436e+45,2.2230022797926588e+45,4.9899038465095054e+54
2024-05-27,2.2230022797926588e+45,3.576981694681323e+45,1.4240802413483355e+45,2.5700199793474624e+45,9.18530624099135e+54
2026-08-12,2.5700199793474624e+45,3.821369244089289e+45,1.4264766407434704e+45,3.0066658028453627e+45,8.329006252735047e+53
2022-03-17,3.0066658028453627e+45,4.130896090331237e+45,2.1079686913522927e+45,3.362048086407651e+45,1.552960254263874e+55
2024-06-02,3.362048086407651e+45,6.483930162640189e+45,1.7701963073012532e+45,4.1002077336945595e+45,6.142956857454377e+54
2026-08-21,4.1002077336945595e+45,6.709935664348544e+45,1.95963270504424e+45,4.91718029612461e+45,1.6437803767050104e+55
2026-08-24,4.91718029612461e+45,7.672323579026593e+45,2.855066647835235e+45,5.758492419926868e+45,8.767647350726516e+54
2026-08-27,5.758492419926868e+45,6.810330781760589e+45,4.6305332804902405e+45,6.159594417484466e+45,1.2397627270448067e+55
2022-03-22,6.159594417484466e+45,6.686974726044562e+45,5.6658240728110274e+45,6.365763096996253e+45,9.97022447222776e+55
2022-03-23,6.365763096996253e+45,9.547159941881198e+45,4.8372047162858066e+45,7.12406028001374e+45,2.236587890401811e+55
2026-09-05,7.12406028001374e+45,1.5116549238732844e+46,4.0624466918605553e+45,8.910630005914486e+45,5.4586080074620286e+54
2026-09-08,8.910630005914486e+45,1.3801755719524905e+46,4.633646822449185e+45,1.049499707379362e+46,4.278394764163447e+55
2026-09-11,1.049499707379362e+46,1.4937288442745048e+46,7.510611132464274e+45,1.1778881738337136e+46,2.5543756962615516e+55
2022-03-27,1.1778881738337136e+46,1.8659498190505426e+46,6.394975936197585e+45,1.361808088722026e+46,2.7426083430311084e+55
2026-09-17,1.361808088722026e+46,2.4326068575039986e+46,9.172497004672513e+45,1.6312263792514772e+46,4.2905822938762274e+55
2022-03-29,1.6312263792514772e+46,2.4223655435248264e+46,1.216822832891628e+46,1.8428172631640632e+46,7.39862830415036e+55
2026-09-23,1.8428172631640632e+46,3.40358252276147e+46,7.479179119673628e+45,2.2466082660038023e+46,8.066019521329796e+55
2022-03-31,2.2466082660038023e+46,3.7326318422935794e+46,1.0384230778536836e+46,2.709563367077821e+46,4.8162053762197563e+55
2024-06-30,2.709563367077821e+46,4.0165793021336447e+46,1.5683550578715532e+46,3.148580956584159e+46,1.4701390965119065e+56
2024-07-02,3.148580956584159e+46,3.769521414999222e+46,2.8413271552164694e+46,3.333312052038637e+46,3.483362843159731e+56
2022-04-03,3.333312052038637e+46,6.086271797998866e+46,1.5458511242012157e+46,3.9744224323895885e+46,2.5753886300345226e+55
2026-10-08,3.9744224323895885e+46,6.939828988307576e+46,2.0072505561882717e+46,4.73361466284286e+46,1.8583918630950834e+56
2026-10-11,4.73361466284286e+46,9.639099423184022e+46,1.4569312563286713e+46,5.938736867060032e+46,1.0841928263298756e+56
2026-10-14,5.938736867060032e+46,9.094970038741952e+46,3.140576218384782e+46,6.923665212315812e+46,1.9489746115077079e+56
2026-10-17,6.923665212315812e+46,1.2026447355650087e+47,4.3967565186508617e+46,8.157068944442076e+46,8.980844077945443e+55
2026-10-20,8.157068944442076e+46,1.2668275479620992e+47,5.270089360464145e+46,9.431325944828073e+46,2.1033878386979876e+56
2026-10-23,9.431325944828073e+46,1.2199382662139606e+47,7.513224858739796e+46,1.046349469964903e+47,8.31063307686772e+56
2026-10-26,1.046349469964903e+47,1.4006076497898531e+47,8.346378242075953e+46,1.168104445533322e+47,5.131801674019509e+56
2026-10-29,1.168104445533322e+47,1.4256902768593563e+47,9.592285088263543e+46,1.2388713856209474e+47,1.42402980117795e+57
2024-07-22,1.2388713856209474e+47,2.0992696757604084e+47,8.502676710438416e+46,1.449197476536009e+47,1.982761972743093e+56
2022-04-13,1.449197476536009e+47,2.046253125075403e+47,1.0624909091022304e+47,1.6628284980257077e+47,8.932785255708227e+56
2024-07-26,1.6628284980257077e+47,1.975534026281343e+47,1.5395430741258865e+47,1.7418648584842433e+47,2.2810872193556152e+57
2022-04-15,1.7418648584842433e+47,3.4890903272476404e+47,7.85753451148686e+46,2.160833543386244e+47,6.0204868192929025e+56
2026-11-13,2.160833543386244e+47,3.1238840209437394e+47,1.3699714734622768e+47,2.4796635916803893e+47,5.442648468607421e+56
2026-11-16,2.4796635916803893e+47,5.075820821257906e+47,1.548687592454277e+47,3.055493141890893e+47,2.7663659051984263e+56
2022-04-18,3.055493141890893e+47,4.29260026233333e+47,2.3791776222413787e+47,3.3587338903360657e+47,1.5002431914712909e+57
2026-11-22,3.3587338903360657e+47,4.727549836451681e+47,1.9457947670926747e+47,3.859234568740151e+47,1.0041392695964533e+57
2022-04-20,3.859234568740151e+47,6.793266914243996e+47,2.2486277342940216e+47,4.763887660822719e+47,6.068431495499943e+56
2026-11-28,4.763887660822719e+47,8.829316623091558e+47,2.391658409312483e+47,5.715953753764332e+47,1.0022784840244933e+57
2024-08-11,5.715953753764332e+47,8.675656569604358e+47,4.1986492464941075e+47,6.551448126522764e+47,6.633553979385104e+56
2024-08-13,6.551448126522764e+47,8.096421654797554e+47,5.6457559386676825e+47,7.1302700342549026e+47,4.284210928457114e+57
2022-04-24,7.1302700342549026e+47,1.3605935046464393e+48,4.609367938929852e+47,8.59565719858547e+47,6.060349421705156e+56
2022-04-25,8.59565719858547e+47,1.5512545954461943e+48,4.719121470095812e+47,1.0434460099855424e+48,3.8957740889843205e+57
2026-12-13,1.0434460099855424e+48,2.1605124204544792e+48,5.236815931464512e+47,1.313427982154261e+48,3.826751881748223e+56
2024-08-21,1.313427982154261e+48,2.1919184609654122e+48,8.072530683464647e+47,1.5427652506231415e+48,3.662137090104616e+57
2022-04-28,1.5427652506231415e+48,2.8756666430460652e+48,6.844193119950523e+47,1.8570994131260406e+48,1.4391662703597808e+57
2026-12-22,1.8570994131260406e+48,2.4336878210192446e+48,1.5659686258878854e+48,2.0233095565422596e+48,1.4291081426519782e+58
2024-08-27,2.0233095565422596e+48,2.979553636088775e+48,1.539722568287602e+48,2.3080539191255096e+48,3.795107829269226e+56
2026-12-28,2.3080539191255096e+48,3.718341520089602e+48,1.5495558912403167e+48,2.6441872324460467e+48,6.74495359284776e+57
2022-05-02,2.6441872324460467e+48,4.066739152867905e+48,1.83455047449748e+48,2.9815751457695674e+48,1.8215096043687123e+58
2027-01-03,2.9815751457695674e+48,4.3918480292554694e+48,2.316598865500279e+48,3.378274037679629e+48,1.0922764330896938e+58
2022-05-04,3.378274037679629e+48,5.479968266427677e+48,1.2210170851357223e+48,4.12046604018989e+48,1.0483680268169864e+58
2024-09-06,4.12046604018989e+48,5.779046916030676e+48,3.158056051187885e+48,4.5886630754068605e+48,1.9220817232332496e+57
2027-01-12,4.5886630754068605e+48,4.943480823303833e+48,4.30129118316319e+48,4.696982366397303e+48,6.939850578578597e+58
2027-01-15,4.696982366397303e+48,9.221191785768057e+48,1.9124080702307964e+48,5.707428942259229e+48,1.2671314850835629e+58
2024-09-12,5.707428942259229e+48,9.416859492664335e+48,2.496716044882953e+48,6.858808155320832e+48,8.216939704417109e+57
2027-01-21,6.858808155320832e+48,1.1964174836830907e+49,4.2977110209406005e+48,8.294777805889136e+48,2.332743688003821e+58
2022-05-10,8.294777805889136e+48,1.123090049407232e+49,5.60414138210917e+48,9.378916587697488e+48,4.384630044360736e+58
2024-09-18,9.378916587697488e+48,1.3939485765116276e+49,7.161739788978007e+48,1.0714665986243058e+49,2.843635539956456e+58
2027-01-30,1.0714665986243058e+49,1.6422007096649223e+49,7.339312219046456e+48,1.236241290212328e+49,1.9703970755348808e+58
2027-02-02,1.236241290212328e+49,2.5075413860803527e+49,6.127806368704831e+48,1.5815454560160543e+49,2.4634021186506857e+58
2027-02-05,1.5815454560160543e+49,2.1525589583709484e+49,1.2805985542202283e+49,1.7415668669840599e+49,4.901654511850177e+58
2024-09-26,1.7415668669840599e+49,2.918758883551974e+49,1.1394256920464953e+49,2.0286843175937778e+49,1.5495828885000556e+58
2027-02-11,2.0286843175937778e+49,3.6550515170548374e+49,8.929062083850292e+48,2.417134890422651e+49,1.1577566842025036e+58
2027-02-14,2.417134890422651e+49,4.0262762360708607e+49,1.4942082581006456e+49,2.876838285126118e+49,7.054596414274411e+58
2027-02-17,2.876838285126118e+49,4.3655637574930073e+49,1.8026386935971998e+49,3.3146054449348885e+49,1.52439742078595e+59
2022-05-19,3.3146054449348885e+49,4.958696581183093e+49,2.1930433650410632e+49,3.7818513021955214e+49,2.286911089382509e+58
2024-10-06,3.7818513021955214e+49,5.517012776244572e+49,2.4999630888151333e+49,4.399185756520045e+49,2.281128810129401e+59
2027-02-26,4.399185756520045e+49,7.586816425058314e+49,2.83837553698508e+49,5.208019826518299e+49,2.3062940448357082e+59
2022-05-22,5.208019826518299e+49,1.0973282282873502e+50,2.1885779605708992e+49,6.606908182970798e+49,4.065746295595116e+58
2027-03-04,6.606908182970798e+49,1.0103500214039673e+50,4.736119851531808e+49,7.428427482519065e+49,1.0775678980807442e+59
2027-03-07,7.428427482519065e+49,9.141305934589514e+49,6.22662776221715e+49,7.907034498415796e+49,4.221482318782877e+59
2027-03-10,7.907034498415796e+49,1.1150014474686131e+50,5.841731074353433e+49,9.096610879031407e+49,5.23919183033475e+59
2024-10-18,9.096610879031407e+49,1.3054073404796547e+50,6.63616303336639e+49,1.017735965331805e+50,5.66246740948739e+59
2022-05-27,1.017735965331805e+50,1.9511668664659847e+50,5.323002409635783e+49,1.2265804093893002e+50,3.614945519729685e+59
2027-03-19,1.2265804093893002e+50,2.3830582052323407e+50,7.403914916022173e+49,1.4804965490528442e+50,3.6161376206476827e+59
2022-05-29,1.4804965490528442e+50,2.1453986698870284e+50,1.0763836308708754e+50,1.67238897444808e+50,1.6682328013043063e+58
2022-05-30,1.67238897444808e+50,2.300124831544811e+50,1.2406180294450045e+50,1.8947933715112325e+50,1.1916019597087383e+60
2027-03-28,1.8947933715112325e+50,3.351841244263977e+50,9.719176311093714e+49,2.2227322954653545e+50,8.92271075718752e+59
2027-03-31,2.2227322954653545e+50,3.408301447492872e+50,1.4445687627907126e+50,2.572398805971268e+50,3.544198022328287e+59
2024-11-01,2.572398805971268e+50,5.236101984472913e+50,1.3062294102703902e+50,3.1510147289787993e+50,5.33061913974302e+59
2027-04-06,3.1510147289787993e+50,5.278795309756459e+50,1.803798813290602e+50,3.800585367915288e+50,1.2087162688918435e+60
2022-06-04,3.800585367915288e+50,5.332076475881177e+50,3.0537631973019936e+50,4.205390024256702e+50,1.1510230453985557e+60
2024-11-07,4.205390024256702e+50,6.829458571989219e+50,3.0244421259659985e+50,4.836108069118306e+50,2.862299929012383e+59
2027-04-15,4.836108069118306e+50,7.905780856651072e+50,3.3049894450188475e+50,5.596727418252494e+50,1.7188622991897604e+60
2022-06-07,5.596727418252494e+50,7.912922699432382e+50,4.5282204200725915e+50,6.158031958632938e+50,5.288302811049243e+60
2027-04-21,6.158031958632938e+50,1.058049984388355e+51,4.351796572312792e+50,7.169786124666557e+50,2.7726090679383637e+60
2022-06-09,7.169786124666557e+50,1.0354046122523706e+51,5.299631952660951e+50,8.206370854175327e+50,1.2754868688559667e+60
2027-04-27,8.206370854175327e+50,8.954141527702905e+50,7.56144786726643e+50,8.448059177098359e+50,3.585557374049483e+60
2022-06-11,8.448059177098359e+50,1.1855527776692897e+51,6.001436687446767e+50,9.372580650988375e+50,4.215379044093964e+60
2022-06-12,9.372580650988375e+50,1.1874993162769877e+51,8.072504951403077e+50,1.0004668838707106e+51,4.47868779382521e+60
2027-05-06,1.0004668838707106e+51,1.8971596336363355e+51,4.354931401470067e+50,1.197047165657513e+51,1.463689244757436e+60
2022-06-14,1.197047165657513e+51,1.6455156320865506e+51,1.001375817704094e+51,1.3126669605126124e+51,6.574425094092075e+60
2024-11-27,1.3126669605126124e+51,1.631753361633271e+51,1.1172831269351685e+51,1.4061263186619316e+51,1.271174001155736e+61
2022-06-16,1.4061263186619316e+51,2.1835681789456272e+51,1.0358271455630281e+51,1.6264700589748084e+51,4.693197357353338e+60
2024-12-01,1.6264700589748084e+51,2.3465378940639678e+51,1.0715697077224252e+51,1.860455918795565e+51,3.7555920972723214e+60
2027-05-21,1.860455918795565e+51,2.9433923522342836e+51,1.3992805704129145e+51,2.119437176290473e+51,3.6115098025190785e+60
2024-12-05,2.119437176290473e+51,2.3164966301191524e+51,1.9769932476489122e+51,2.182797543819811e+51,1.5485671478965282e+61
2027-05-27,2.182797543819811e+51,3.461237954146792e+51,1.5303134244194004e+51,2.5014529007460492e+51,6.0793735090350414e+60
2024-12-09,2.5014529007460492e+51,3.851336868095804e+51,1.8305464754818018e+51,2.8655120374256925e+51,1.87122112085996e+60
2024-12-11,2.8655120374256925e+51,4.835777471547809e+51,1.7589657628812785e+51,3.339811865033362e+51,1.4849438515187492e+61
2022-06-23,3.339811865033362e+51,5.934139328578774e+51,1.1088123410704209e+51,4.1635140728365174e+51,2.503067520680922e+60
2024-12-15,4.1635140728365174e+51,7.961042256139482e+51,7.811599761131327e+50,5.3545234077227973e+51,9.232743016469433e+60
2027-06-11,5.3545234077227973e+51,7.337453735387381e+51,3.892160569250735e+51,5.9786092931246e+51,2.62852354218298e+61
2024-12-19,5.9786092931246e+51,6.134628783281536e+51,5.87643436020749e+51,6.037161833094746e+51,1.3632262339544845e+62
2024-12-21,6.037161833094746e+51,6.598069694264284e+51,5.6902789780642375e+51,6.210431307310478e+51,7.727276641563069e+61
2027-06-20,6.210431307310478e+51,9.507013596431384e+51,3.7741749962275374e+51,7.107755408531556e+51,1.5074001822266585e+61
2024-12-25,7.107755408531556e+51,1.5001710626443655e+52,4.0535340639442274e+51,8.806019547198286e+51,1.7257948218547977e+61
2027-06-26,8.806019547198286e+51,1.6896419509663752e+52,2.5786337466995357e+51,1.0903446487261086e+52,1.078703617339562e+61
2024-12-29,1.0903446487261086e+52,1.501071416691835e+52,7.886684330431981e+51,1.1967767102699615e+52,4.32571679916373e+61
2024-12-31,1.1967767102699615e+52,1.4317175365798385e+52,9.894161276827815e+51,1.2674302837453542e+52,1.7627844396794534e+62
2027-07-05,1.2674302837453542e+52,2.027906473289369e+52,7.993665050266172e+51,1.465976388988116e+52,6.880437384919517e+61
2022-07-04,1.465976388988116e+52,1.745656346505291e+52,1.259630624687812e+52,1.568358968164142e+52,6.724327788342453e+61
2027-07-11,1.568358968164142e+52,2.2488925188953391e+52,1.2225156128413745e+52,1.749725797059898e+52,6.109126246878998e+61
2025-01-08,1.749725797059898e+52,3.0998305123455086e+52,1.0009632539431668e+52,2.0779283841183066e+52,4.251662196759331e+61
2022-07-07,2.0779283841183066e+52,3.221957351805941e+52,1.356360972680136e+52,2.3673618467347034e+52,1.4038388195855726e+62
2027-07-20,2.3673618467347034e+52,3.771669892878436e+52,1.7318599659059184e+52,2.7173353291247835e+52,6.454760745870302e+61
2022-07-09,2.7173353291247835e+52,5.682365940912189e+52,1.5652687059396152e+52,3.4656504804463247e+52,3.976973191014727e+61
2022-07-10,3.4656504804463247e+52,5.52161645330994e+52,1.793903149001734e+52,4.1544192371208594e+52,1.629895453670527e+61
2025-01-18,4.1544192371208594e+52,5.724986124878849e+52,2.9406646131561065e+52,4.651916537247608e+52,4.8556492985055374e+61
2022-07-12,4.651916537247608e+52,7.181249201000022e+52,2.428305897152038e+52,5.543027633359789e+52,2.0927670724684984e+62
2025-01-22,5.543027633359789e+52,1.0267337835954823e+53,2.394986100792378e+52,6.627704038372605e+52,1.5666284302568047e+62
2022-07-14,6.627704038372605e+52,8.800219043060331e+52,5.306013480993128e+52,7.146739832622939e+52,1.5679249481200073e+62
2027-08-10,7.146739832622939e+52,7.654405068451397e+52,6.864209183238166e+52,7.277998882422499e+52,2.5035719673258736e+63
2027-08-13,7.277998882422499e+52,1.127168949053767e+53,4.826487282958541e+52,8.491166581001947e+52,2.3763952590186556e+62
2022-07-17,8.491166581001947e+52,1.0219816619523622e+53,7.370884810279821e+52,9.064095417503902e+52,1.2699494907474462e+61
2022-07-18,9.064095417503902e+52,1.3808944553148843e+53,5.92628734534402e+52,1.04879144751333e+53,1.0521426968799684e+61
2025-02-03,1.04879144751333e+53,1.68334085776183e+53,5.688015196047267e+52,1.2724948770246325e+53,1.4750859056339872e+62
2022-07-20,1.2724948770246325e+53,1.818639124416524e+53,9.542526974603072e+52,1.4095312946598502e+53,2.3240631439159123e+62
2027-08-28,1.4095312946598502e+53,1.8457187093181076e+53,1.1248404552758222e+53,1.5248380709823265e+53,1.4303664295990504e+63
2022-07-22,1.5248380709823265e+53,2.2729154860095916e+53,1.0239495661479069e+53,1.759626724663873e+53,2.447706959301942e+62
2027-09-03,1.759626724663873e+53,2.754043548898075e+53,9.623809762845954e+52,2.0645719108250098e+53,8.231718394672335e+62
2025-02-13,2.0645719108250098e+53,2.227832794803309e+53,1.9721709915877626e+53,2.122225341873094e+53,1.0739258861450195e+63
2022-07-25,2.122225341873094e+53,2.5213705797350055e+53,1.8012328300090294e+53,2.254096862069485e+53,6.69101519615217e+62
2022-07-26,2.254096862069485e+53,2.5621753703354854e+53,1.9304230306618545e+53,2.363646934481161e+53,1.4799720845468744e+62
2022-07-27,2.363646934481161e+53,3.3049002224221493e+53,1.9461626698046114e+53,2.6397049727869292e+53,2.0095196212305623e+62
2022-07-28,2.6397049727869292e+53,4.1889014371281025e+53,1.7747241332388773e+53,3.069430264835208e+53,5.163878423811013e+62
2025-02-23,3.069430264835208e+53,5.818194972857462e+53,1.7797839714760472e+53,3.715748678681049e+53,1.2319205023226332e+63
2022-07-30,3.715748678681049e+53,5.056710133760137e+53,2.4351501981722174e+53,4.196547778093242e+53,2.316571129918673e+62
2025-02-27,4.196547778093242e+53,6.879379474580774e+53,2.482980784490459e+53,5.0234127721839015e+53,4.7898985266836544e+61
2027-09-30,5.0234127721839015e+53,9.76839073037035e+53,1.3098155428838905e+53,6.421163493131726e+53,8.09768339483282e+62
2027-10-03,6.421163493131726e+53,1.1374871654265352e+54,4.435415544912847e+53,7.631291466399289e+53,2.2805941136870267e+63
2022-08-03,7.631291466399289e+53,1.1336550546477742e+54,4.972195091781768e+53,8.685583305771268e+53,1.7620164281011408e+63
2025-03-07,8.685583305771268e+53,1.6078893913716256e+54,4.548099254453272e+53,1.0465628737089455e+54,5.548469612451562e+62
2025-03-09,1.0465628737089455e+54,2.076366577544629e+54,5.898428887248712e+53,1.3005663670175467e+54,3.831942272374749e+63
2027-10-15,1.3005663670175467e+54,2.0525711412430864e+54,9.094613326143232e+53,1.4974210552009608e+54,1.5095875017157048e+63
2025-03-13,1.4974210552009608e+54,2.517825978523816e+54,9.356418736638402e+53,1.7657383121472856e+54,2.0946988668344774e+63
2022-08-08,1.7657383121472856e+54,2.0440465036243954e+54,1.633355542012086e+54,1.8421502565495765e+54,3.1544303325397487e+64
2022-08-09,1.8421502565495765e+54,2.2803675878479142e+54,1.5930494089476297e+54,1.9943098639681502e+54,1.3882288373638044e+64
2027-10-27,1.9943098639681502e+54,3.2304026067091915e+54,1.0692181423870188e+54,2.395733028834356e+54,1.1524677966059443e+63
2025-03-21,2.395733028834356e+54,3.634303114677166e+54,1.22778843617883e+54,2.788647835292933e+54,1.1549870537501607e+64
2025-03-23,2.788647835292933e+54,4.219142811080619e+54,1.6143988641137234e+54,3.2520680848649805e+54,6.1180372233343034e+63
2022-08-13,3.2520680848649805e+54,3.8696820380164876e+54,2.9305314047661414e+54,3.458282754795433e+54,3.639055293135581e+64
2027-11-08,3.458282754795433e+54,4.520775165443581e+54,2.821378462557981e+54,3.8161061976127626e+54,1.1838211387332958e+64
2027-11-11,3.8161061976127626e+54,7.322569778200883e+54,1.1918360168501757e+54,4.752846145076622e+54,9.369536657563513e+63
2027-11-14,4.752846145076622e+54,7.942586052820173e+54,2.3222222475910303e+54,5.643469102790963e+54,1.3853429061766528e+64
2025-04-02,5.643469102790963e+54,9.11462661084156e+54,2.6272143603950733e+54,6.87106647809213e+54,9.994993878854146e+63
2022-08-18,6.87106647809213e+54,1.2131328571396742e+55,3.21262788152966e+54,8.376413416438565e+54,1.0270840037242329e+64
2022-08-19,8.376413416438565e+54,1.0645030178848509e+55,6.949820191821608e+54,8.994404981762275e+54,4.4689585667542754e+64
2027-11-26,8.994404981762275e+54,1.127615987361513e+55,7.471370042726648e+54,9.7857179050323e+54,4.249946028892841e+64
2025-04-10,9.7857179050323e+54,1.0331837197893107e+55,9.323600651588374e+54,9.987975034698097e+54,3.598899117398411e+64
2022-08-22,9.987975034698097e+54,1.404637958024619e+55,7.481165079722851e+54,1.1390445074329853e+55,2.9518800746880417e+63
2027-12-05,1.1390445074329853e+55,1.8490938584914767e+55,7.152387457267257e+54,1.3094610293630492e+55,4.039306171515175e+64
2027-12-08,1.3094610293630492e+55,1.7597457925248912e+55,9.275794357400544e+54,1.4576628172114333e+55,2.6559122138093233e+63
2022-08-25,1.4576628172114333e+55,2.1169220229834578e+55,9.532688219902198e+54,1.6320363988900367e+55,1.015951357719995e+65
2025-04-20,1.6320363988900367e+55,2.471194977883247e+55,9.663335727876647e+54,1.86100752773185e+55,4.906581469004482e+64
2025-04-22,1.86100752773185e+55,2.6544334717167324e+55,1.5445202846311904e+55,2.0603758453416482e+55,1.078367108994306e+65
2027-12-20,2.0603758453416482e+55,3.1311746234532013e+55,1.1043227722151357e+55,2.3881386624480838e+55,1.244652059052425e+65
2022-08-29,2.3881386624480838e+55,3.3503458098159965e+55,1.7717948770884572e+55,2.7219240789089735e+55,6.688963641395601e+64
2022-08-30,2.7219240789089735e+55,3.4804084547607496e+55,2.3519590081041469e+55,2.9311392978756956e+55,2.661979379009271e+65
2025-04-30,2.9311392978756956e+55,4.330608108206558e+55,1.9893137564540944e+55,3.2866222782205833e+55,1.4037159430370188e+65
2028-01-01,3.2866222782205833e+55,3.5821876861538743e+55,3.153623682452004e+55,3.3626121842625626e+55,2.6808237861516356e+65
2025-05-04,3.3626121842625626e+55,5.236562620252429e+55,2.0704959526745553e+55,3.8823070576596124e+55,1.1717647076739614e+65
2028-01-07,3.8823070576596124e+55,4.6299026698110246e+55,3.160857640437048e+55,4.123821100558843e+55,2.068234584312383e+65
2025-05-08,4.123821100558843e+55,6.247303215715832e+55,2.609783675428607e+55,4.741830563529224e+55,2.2781322994798576e+65
2025-05-10,4.741830563529224e+55,5.458778423151171e+55,4.090486749465783e+55,4.98775409978912e+55,8.474577084503022e+65
2025-05-12,4.98775409978912e+55,5.989825362232321e+55,4.298928029965917e+55,5.303931655156479e+55,7.55531501735895e+65
2022-09-07,5.303931655156479e+55,7.037185223726748e+55,4.211059184592226e+55,5.784016759270213e+55,5.82151222036786e+65
2025-05-16,5.784016759270213e+55,6.570109595116996e+55,3.8531345806157186e+55,5.26337487619165e+55,1.430838555696256e+65
2025-05-18,5.26337487619165e+55,1.0770208902314676e+56,2.7361286756313786e+55,6.583819546201022e+55,1.170957300716547e+65
2028-01-28,6.583819546201022e+55,9.935502534619735e+55,4.437753176357046e+55,7.4941657816308e+55,4.920798497069986e+64
2025-05-22,7.4941657816308e+55,9.823374895979538e+55,5.791701533965613e+55,8.211526380557823e+55,1.8841721369306628e+65
2025-05-24,8.211526380557823e+55,1.1838648937914193e+56,5.574760992191586e+55,9.467309915189158e+55,4.932966067179587e+65
2028-02-06,9.467309915189158e+55,1.5702065291905974e+56,5.630373163242284e+55,1.1186048341349036e+56,4.693558635569674e+65
2028-02-09,1.1186048341349036e+56,1.7733087627389e+56,6.170002459062724e+55,1.2939001292766996e+56,4.277717532786032e+65
2025-05-30,1.2939001292766996e+56,2.5088250126185563e+56,3.9555348691790705e+55,1.6303365041554004e+56,4.591312603596322e+65
2025-06-01,1.6303365041554004e+56,2.529788222614399e+56,8.994686620269811e+55,1.8984747721138834e+56,4.1867293162528715e+65
2022-09-17,1.8984747721138834e+56,3.1633318021368706e+56,1.1194667311794202e+56,2.2225952016470103e+56,2.370779767027022e+64
2028-02-21,2.2225952016470103e+56,2.920984002504676e+56,1.8049535937273188e+56,2.4359852096227605e+56,1.1753237274817287e+65
2028-02-24,2.4359852096227605e+56,3.092649868147144e+56,2.1315099297536434e+56,2.6120032143224185e+56,2.282001904162142e+66
2025-06-09,2.6120032143224185e+56,3.776583959322732e+56,1.894169503526691e+56,2.8850205757311907e+56,1.448145893168571e+66
2022-09-21,2.8850205757311907e+56,4.261461899243708e+56,2.194686041146912e+56,3.291510132345323e+56,1.8780661309637981e+65
2028-03-04,3.291510132345323e+56,5.892343348568869e+56,1.8255775828933645e+56,3.9227712169348774e+56,4.632723563549973e+65
2025-06-15,3.9227712169348774e+56,3.963731314296358e+56,3.8969667526662617e+56,3.937929750160808e+56,5.722414233083483e+67
2025-06-17,3.937929750160808e+56,5.607356871105929e+56,2.7658950658674655e+56,4.43518756145193e+56,1.7637209676303264e+66
2028-03-13,4.43518756145193e+56,5.416425872137116e+56,3.7422819019639708e+56,4.75820565514412e+56,4.189059236366892e+66
2028-03-16,4.75820565514412e+56,6.340873902075241e+56,3.35419473970961e+56,5.318103155831256e+56,1.7359772682641898e+66
2025-06-23,5.318103155831256e+56,8.680334954736148e+56,3.02195513331448e+56,6.183098087523117e+56,5.805661619082563e+65
2025-06-25,6.183098087523117e+56,1.1291041009596823e+57,2.306534054911521e+56,7.481675630848853e+56,1.3183078528578207e+66
2022-09-29,7.481675630848853e+56,8.124124304335417e+56,6.297389170278925e+56,7.134450071140474e+56,2.650760971788063e+66
2028-03-28,7.134450071140474e+56,1.3448194936017422e+57,4.709951854366789e+56,8.587500418657389e+56,2.241663005291776e+65
2028-03-31,8.587500418657389e+56,1.997142767676848e+57,4.765614171239425e+56,1.1100907232174996e+57,2.0446293533271517e+66
2022-10-02,1.1100907232174996e+57,1.324766488549164e+57,9.563065089563296e+56,1.1797777033772155e+57,5.986849218935079e+66
2028-04-06,1.1797777033772155e+57,1.5102485147163683e+57,9.999401271521289e+56,1.2750313125046276e+57,7.133673113936085e+66
2028-04-09,1.2750313125046276e+57,1.9537214339061778e+57,8.786798771077177e+56,1.4309152063782437e+57,7.003851035224104e+66
2025-07-09,1.4309152063782437e+57,1.521192867339113e+57,1.3700350872012497e+57,1.465595258294388e+57,1.7190945563324468e+67
2028-04-15,1.465595258294388e+57,1.8222793034951235e+57,1.3087130813455895e+57,1.564911166573721e+57,1.4235540237935644e+67
2022-10-07,1.564911166573721e+57,3.1595702062062416e+57,4.523273642955798e+56,1.952665173786979e+57,2.3154511633980653e+66
2022-10-08,1.952665173786979e+57,2.9857453797931993e+57,9.249823766974293e+56,2.31954855893026e+57,6.785557191831142e+66
2022-10-09,2.31954855893026e+57,4.665077681084774e+57,7.187092636095955e+56,2.8801041861811183e+57,4.701330380198765e+66
2028-04-27,2.8801041861811183e+57,4.217774727674862e+57,2.217773886114257e+57,3.252278041740535e+57,1.1269785853067468e+67
2025-07-21,3.252278041740535e+57,3.3675940000942024e+57,3.123453673954416e+57,3.2969559000481064e+57,7.383598499820448e+67
2025-07-23,3.2969559000481064e+57,4.217045108144077e+57,2.8084151445662715e+57,3.578453185234645e+57,1.364302205653017e+67
2025-07-25,3.578453185234645e+57,4.944708213789767e+57,2.6270914617342573e+57,3.899005622195559e+57,1.1309967940751754e+67
2022-10-14,3.899005622195559e+57,6.83318082674381e+57,1.7833466071007754e+57,4.649767534724558e+57,1.8052023733971047e+67
2022-10-15,4.649767534724558e+57,1.0076860756129922e+58,1.4916861774308481e+57,6.218860766950653e+57,5.4966427064682186e+66
2022-10-16,6.218860766950653e+57,7.434269055866932e+57,5.301776191750382e+57,6.661189349355815e+57,8.402332953169695e+67
2028-05-18,6.661189349355815e+57,1.231973152401349e+58,2.9775910219535997e+57,8.222467547270808e+57,1.2283110931679137e+67
2025-08-04,8.222467547270808e+57,9.851878457498287e+57,7.411512456951611e+57,8.629180053082154e+57,9.089801109855102e+67
2022-10-19,8.629180053082154e+57,1.1022895742560562e+58,7.467047683841297e+57,9.273568573930705e+57,1.6955315601006912e+67
2028-05-27,9.273568573930705e+57,1.077671915751564e+58,8.337558609010576e+57,9.68307401936725e+57,3.0220023264976726e+67
2022-10-21,9.68307401936725e+57,1.1689121551691904e+58,8.560692866736953e+57,1.0383808485082952e+58,7.193795359605998e+67
2028-06-02,1.0383808485082952e+58,1.150377947521894e+58,9.576999450065794e+57,1.0792030763587275e+58,2.326561424877088e+68
2028-06-05,1.0792030763587275e+58,2.0913526910215733e+58,4.272439974491598e+57,1.3008226107895406e+58,1.6307994405960576e+67
2028-06-08,1.3008226107895406e+58,2.1342286974615988e+58,7.539521499372969e+57,1.4933016324557017e+58,8.210342591290689e+67
2025-08-18,1.4933016324557017e+58,2.2401593453429368e+58,1.1077754753541461e+58,1.743757570394482e+58,8.779766392809513e+67
2028-06-14,1.743757570394482e+58,2.7805654380587843e+58,9.934580498423534e+57,2.062957267340892e+58,2.272920520961346e+67
2022-10-27,2.062957267340892e+58,2.895159495313672e+58,1.2829870953738252e+58,2.3551094449576032e+58,2.0793833261416483e+67
2028-06-20,2.3551094449576032e+58,3.69114955440191e+58,1.4251303943629552e+58,2.730956834006137e+58,2.8354435624159167e+67
2025-08-26,2.730956834006137e+58,3.482947071461392e+58,2.3371449246599145e+58,2.9853007171828023e+58,2.248761571291094e+68
2022-10-30,2.9853007171828023e+58,4.800846004234588e+58,1.7492983482739814e+58,3.407822718189687e+58,4.858193885012122e+67
2028-06-29,3.407822718189687e+58,6.391085923536469e+58,5.8702062434332495e+57,4.383657703675882e+58,1.1731506916283794e+68
2028-07-02,4.383657703675882e+58,6.462170003431027e+58,3.215041473943028e+58,4.9716870327241516e+58,1.5129572078649403e+68
2022-11-02,4.9716870327241516e+58,5.115508965041111e+58,4.857018599356709e+58,5.01359046273981e+58,4.264770147097332e+69
2025-09-05,5.01359046273981e+58,9.04167404423438e+58,2.323371053907305e+58,6.04286603935522e+58,1.460061556435947e+68
2028-07-11,6.04286603935522e+58,6.929145328397718e+58,5.485131758572309e+58,6.378048039540428e+58,5.036845783956765e+68
2022-11-05,6.378048039540428e+58,7.182291137387114e+58,5.993461875584535e+58,6.583865106354531e+58,1.0722258822189082e+69
2028-07-17,6.583865106354531e+58,1.265681189048401e+59,2.3530651137692448e+58,8.021011941059484e+58,5.970631133512136e+67
2025-09-13,8.021011941059484e+58,1.2404368187607118e+59,5.521065913683898e+58,9.298560050273081e+58,4.176535593318233e+68
2025-09-15,9.298560050273081e+58,1.6472585000977013e+59,5.151333986210086e+58,1.0934592202607868e+59,4.780956802952422e+68
2025-09-17,1.0934592202607868e+59,2.055165649611911e+59,6.070715377079217e+58,1.316824159399077e+59,3.8831118153169813e+68
2022-11-10,1.316824159399077e+59,2.433483187204823e+59,7.268421856181654e+58,1.5711694186115625e+59,2.7211524726011206e+68
2025-09-21,1.5711694186115625e+59,3.0348881168718674e+59,8.756052309086659e+58,1.9645173568565039e+59,3.7304133718578005e+68
2028-08-04,1.9645173568565039e+59,3.7542148681665333e+59,8.229427131710431e+58,2.539295891932759e+59,4.378437785369783e+68
2028-08-07,2.539295891932759e+59,2.956594640429496e+59,2.257051729463506e+59,2.648796324417194e+59,7.7911117401822e+68
2022-11-14,2.648796324417194e+59,3.5012716291835654e+59,1.8730280162185432e+59,2.9517221122654756e+59,1.6898522866105636e+69
2028-08-13,2.9517221122654756e+59,3.2281795012640654e+59,2.8136296001398146e+59,3.0310924898535017e+59,6.090629107229906e+69
2022-11-16,3.0310924898535017e+59,4.878102746395244e+59,1.7990074455335906e+59,3.526045796491224e+59,2.9437895665058212e+68
2022-11-17,3.526045796491224e+59,3.835131100382077e+59,2.924626044331037e+59,3.3512534658942383e+59,3.025774709080772e+69
2025-10-05,3.3512534658942383e+59,4.4705514738530194e+59,2.719712405067353e+59,3.707845988001924e+59,2.8331577974259442e+69
2022-11-19,3.707845988001924e+59,4.195882940648958e+59,2.600159042360279e+59,3.38363342966213e+59,9.36535957912886e+67
2025-10-09,3.38363342966213e+59,5.201209113277139e+59,1.5492846466170364e+59,4.033177856112479e+59,4.327215162219721e+68
2028-08-31,4.033177856112479e+59,4.6425330907370555e+59,3.663445141806582e+59,4.202732751260521e+59,4.292747475243106e+69
2028-09-03,4.202732751260521e+59,5.271261471077149e+59,3.458870200471527e+59,4.508893243141651e+59,3.2421266590513894e+69
2022-11-23,4.508893243141651e+59,5.562524513961051e+59,3.8390167314776574e+59,4.897817207571376e+59,3.4329809022617974e+69
2022-11-24,4.897817207571376e+59,7.397904207706384e+59,3.270266174211405e+59,5.574573809361372e+59,1.1973807172493615e+69
2022-11-25,5.574573809361372e+59,7.822624091821347e+59,3.868214077838317e+59,6.3774021347655855e+59,7.217721045200203e+68
2028-09-15,6.3774021347655855e+59,8.816801441042506e+59,4.865814459974926e+59,7.018333430430899e+59,3.595162544070875e+69
2025-10-23,7.018333430430899e+59,1.4656580123980852e+60,3.3854246057714846e+59,8.798924101234863e+59,1.2581720633790902e+68
2025-10-25,8.798924101234863e+59,1.0546187432855779e+60,7.608195801891063e+59,9.250357171941688e+59,1.448968752406353e+70
2022-11-29,9.250357171941688e+59,1.8971622137937524e+60,4.548361253923865e+59,1.2013281309091313e+60,2.1607280575544836e+69
2025-10-29,1.2013281309091313e+60,1.5422047912268867e+60,9.943732494146787e+59,1.3154423603703694e+60,8.549639429735146e+68
2028-09-30,1.3154423603703694e+60,2.497852010572707e+60,6.202236421165509e+59,1.5999636829738193e+60,6.004621064424767e+69
2025-11-02,1.5999636829738193e+60,2.3755151268732948e+60,1.1044094741609912e+60,1.7935237841270437e+60,5.723671123537299e+69
2025-11-04,1.7935237841270437e+60,1.9098990588661486e+60,1.699722370237901e+60,1.833224489569363e+60,5.080327446868361e+70
2022-12-04,1.833224489569363e+60,2.2315815687374843e+60,1.5942072208270429e+60,1.9396146021913984e+60,2.5583604294017452e+70
2028-10-12,1.9396146021913984e+60,2.3153698504404176e+60,1.694687504756148e+60,2.0661440418363944e+60,5.994771900599396e+69
2022-12-06,2.0661440418363944e+60,3.679348106283098e+60,6.232604978389367e+59,2.5866451444539484e+60,6.574160325288195e+69
2025-11-12,2.5866451444539484e+60,3.965392019013576e+60,1.7868351997101603e+60,2.9864125198133984e+60,9.453002492520044e+69
2028-10-21,2.9864125198133984e+60,4.957168761836254e+60,2.049450891873712e+60,3.4843656129815365e+60,1.3819440158746006e+69
2025-11-16,3.4843656129815365e+60,6.980318371727539e+60,1.6806996876256346e+60,4.3926081526714254e+60,2.1481278182662987e+68
2028-10-27,4.3926081526714254e+60,5.966397668252826e+60,3.103102242772508e+60,4.8311903585137455e+60,3.667882029908064e+70
2022-12-11,4.8311903585137455e+60,8.446234127324608e+60,2.7166499311400067e+60,5.884822757302062e+60,1.4969389839800926e+70
2025-11-22,5.884822757302062e+60,9.763358924121486e+60,3.274137702062626e+60,6.954424638963748e+60,2.891765410057962e+70
2028-11-05,6.954424638963748e+60,7.650678851165143e+60,6.564448469378845e+60,7.13219519128841e+60,2.220066738600676e+71
2028-11-08,7.13219519128841e+60,1.3846108756784102e+61,2.8121890497594983e+60,8.848324479073256e+60,1.6587994524891275e+70
2022-12-15,8.848324479073256e+60,1.3889961093386863e+61,4.7904264821532015e+60,1.0453353304001844e+61,3.909889051450552e+70
2025-11-30,1.0453353304001844e+61,1.9041342860455583e+61,6.432049071657155e+60,1.2455268435009727e+61,2.0823172573298127e+70
2028-11-17,1.2455268435009727e+61,2.1273826952720132e+61,7.538575765622473e+60,1.4541731463637218e+61,2.941909332284419e+70
2028-11-20,1.4541731463637218e+61,2.7740259295794545e+61,3.957310430844029e+60,1.8339883422799922e+61,3.968186005363375e+70
2025-12-06,1.8339883422799922e+61,3.5365632202837336e+61,7.89064829778137e+60,2.2993125542763124e+61,1.7728603505775268e+70
2025-12-08,2.2993125542763124e+61,3.9227905759029016e+61,1.530459551020294e+61,2.7355364766718493e+61,4.611168525234675e+70
2022-12-21,2.7355364766718493e+61,3.686936259852361e+61,2.036155990677197e+61,2.979220444623619e+61,1.379842819159127e+71
2022-12-22,2.979220444623619e+61,4.897219399696835e+61,1.7321289571625453e+61,3.5996103096674996e+61,6.990804104127522e+70
2028-12-05,3.5996103096674996e+61,3.803906494587151e+61,3.294703360387982e+61,3.495671246503708e+61,9.62120349715081e+71
2022-12-24,3.495671246503708e+61,6.85445808626263e+61,2.1050917524127444e+61,4.314104154297749e+61,1.0859418059186107e+71
2025-12-18,4.314104154297749e+61,4.6600243948059126e+61,3.700926509281444e+61,4.147906797575285e+61,1.3961936806481792e+71
2025-12-20,4.147906797575285e+61,8.483851125112285e+61,2.3865896061695728e+61,5.228062718626597e+61,7.521493434603596e+70
2022-12-27,5.228062718626597e+61,6.526933621634851e+61,3.999725702057293e+61,5.691713795323078e+61,4.410110616575221e+71
2022-12-28,5.691713795323078e+61,7.411110036905855e+61,4.8505404273772935e+61,6.116265676098237e+61,1.5308405618507605e+71
2025-12-26,6.116265676098237e+61,8.354768807101776e+61,4.432980725087616e+61,6.749274551774553e+61,3.9855539256726457e+71
2025-12-28,6.749274551774553e+61,1.013151334815549e+62,3.804269658000532e+61,7.959011567508108e+61,1.9539960269905763e+71
2022-12-31,7.959011567508108e+61,1.3845717506417739e+62,4.3281513574022667e+61,9.521311249658208e+61,1.1285791309247265e+71
2029-01-01,9.521311249658208e+61,1.4797813899707597e+62,6.14450224549381e+61,1.1237983908971836e+62,4.717516405722942e+71
2029-01-04,1.1237983908971836e+62,1.2547955849467045e+62,1.0553326971193837e+62,1.1641884855002563e+62,1.4884513482455931e+72
2029-01-07,1.1641884855002563e+62,1.9337236451784066e+62,6.267278605366202e+61,1.4216083926668887e+62,3.725728536157779e+71
2029-01-10,1.4216083926668887e+62,2.3514327752414284e+62,8.106812578461628e+61,1.6625874808348741e+62,3.785479469559673e+71
2026-01-09,1.6625874808348741e+62,2.684953147224573e+62,1.0167606017941501e+62,1.9202683203355994e+62,5.772850279469134e+71
2026-01-11,1.9202683203355994e+62,3.9321109446683335e+62,1.089912198042735e+62,2.4267762860862734e+62,5.855583770478643e+71
2029-01-19,2.4267762860862734e+62,3.7724831761544093e+62,1.5386810172364035e+62,2.7729685486227745e+62,8.008028834693301e+71
2023-01-08,2.7729685486227745e+62,5.277484882984135e+62,1.8195472035461011e+62,3.3287105958935725e+62,1.2407521582555206e+72
2026-01-17,3.3287105958935725e+62,6.501906627207996e+62,1.412801074502999e+62,4.0957583263546783e+62,1.1424738722604606e+72
2026-01-19,4.0957583263546783e+62,6.585226355257385e+62,3.0129088067843735e+62,4.796452116561382e+62,1.150553957018014e+72
2026-01-21,4.796452116561382e+62,6.420295525585074e+62,3.7474080350413905e+62,5.315030429625035e+62,2.5683430882780593e+72
2029-02-03,5.315030429625035e+62,8.550668689027806e+62,2.3658216467552375e+62,6.396781170959958e+62,2.0860131160337006e+72
2026-01-25,6.396781170959958e+62,1.0134905730229537e+63,3.913724301392566e+62,7.529840541055152e+62,2.1474228694719345e+72
2023-01-14,7.529840541055152e+62,1.3022626923354256e+63,4.249139288891319e+62,8.942764444682022e+62,3.9091278580659656e+72
2026-01-29,8.942764444682022e+62,1.7108104448291226e+63,4.673861578530772e+62,1.093133184267534e+63,3.9428293111099944e+72
2029-02-15,1.093133184267534e+63,2.058852801768772e+63,5.654074472284404e+62,1.3209163083673934e+63,1.2789260815621496e+72
2029-02-18,1.3209163083673934e+63,2.1691020933030923e+63,7.340542560589743e+62,1.5339239321209607e+63,1.0090074167743267e+72
2029-02-21,1.5339239321209607e+63,2.236746828159605e+63,1.0632337189580208e+63,1.735708998774784e+63,9.605984891789244e+72
2023-01-19,1.735708998774784e+63,2.9167361027626846e+63,9.54859889674106e+62,2.044557050589663e+63,5.857058537460744e+72
2026-02-08,2.044557050589663e+63,3.725584210527856e+63,8.470366840555305e+62,2.5298775329718916e+63,6.104025536962397e+71
2023-01-21,2.5298775329718916e+63,5.2224389240022764e+63,1.0699124011371676e+63,3.1247620533347338e+63,1.0955207838085512e+71
2023-01-22,3.1247620533347338e+63,4.45315206182722e+63,2.3572377123761042e+63,3.476924408592183e+63,8.278728598724043e+72
2029-03-08,3.476924408592183e+63,5.8033555209593855e+63,2.313645738501412e+63,4.065957112531315e+63,1.1792253051491032e+73
2029-03-11,4.065957112531315e+63,6.507309177481313e+63,1.916997355287657e+63,4.8031645900177154e+63,9.875593579089578e+72
2026-02-18,4.8031645900177154e+63,9.739241131982585e+63,2.030314425122256e+63,6.027037439130997e+63,1.600694154730096e+73
2026-02-20,6.027037439130997e+63,9.430030149796481e+63,2.6848717908462376e+63,7.199063591463049e+63,3.000853260392854e+73
2023-01-27,7.199063591463049e+63,1.1454243656604024e+64,3.6987383386150786e+63,8.452819334711624e+63,3.584013383027311e+73
2023-01-28,8.452819334711624e+63,1.1839044830675139e+64,6.077633460600178e+63,9.448601766143364e+63,4.51297816117432e+73
2029-03-26,9.448601766143364e+63,1.5118249449050098e+64,5.621308833623753e+63,1.0983367308208585e+64,2.7928350654036546e+73
2023-01-30,1.0983367308208585e+64,2.0480625210983643e+64,4.1737553481481384e+63,1.3446164009414198e+64,1.7961210727946852e+73
2026-03-02,1.3446164009414198e+64,2.9572934122384243e+64,6.940319579000652e+63,1.7269945948630603e+64,3.831260536807288e+72
2023-02-01,1.7269945948630603e+64,3.584933596138564e+64,1.2497891442621404e+63,2.293611851143674e+64,3.481142728747287e+73
2023-02-02,2.293611851143674e+64,4.4831163244878563e+64,9.925342806310293e+63,2.889331615586536e+64,6.985472890100794e+73
2029-04-10,2.889331615586536e+64,6.044820966362345e+64,1.2136501680599553e+64,3.5775324534007323e+64,5.578226773636545e+73
2026-03-10,3.5775324534007323e+64,5.48985480160528e+64,2.5642089856935672e+64,4.147235680426065e+64,1.3670950527501297e+74
2029-04-16,4.147235680426065e+64,7.002641256446285e+64,2.126577355225746e+64,4.9254985130151406e+64,1.5801651078215567e+74
2026-03-14,4.9254985130151406e+64,7.489475302632314e+64,2.6661401532005405e+64,5.686904557871496e+64,1.8240441320631543e+74
2029-04-22,5.686904557871496e+64,1.0311012986006664e+65,2.5784928700905588e+64,6.998247591909477e+64,2.372820994469514e+74
2023-02-08,6.998247591909477e+64,1.515193984390743e+65,1.848527207686521e+64,8.728953672389397e+64,2.2103010352139647e+74
2026-03-20,8.728953672389397e+64,1.7495786126325118e+65,3.547877268881342e+64,1.0996348250050789e+65,2.0632143791938572e+74
2023-02-10,1.0996348250050789e+65,1.7256738402952372e+65,8.656921406018781e+64,1.2443008164681099e+65,5.327323249832471e+74
2029-05-04,1.2443008164681099e+65,2.1474875607049647e+65,8.236023543582879e+64,1.5107070621642917e+65,2.0347533171351886e+74
2023-02-12,1.5107070621642917e+65,2.3042549486255433e+65,9.263334997682328e+64,1.7354037435392647e+65,4.3350521050908594e+74
2026-03-28,1.7354037435392647e+65,2.9532751284351685e+65,1.1691540335872762e+65,2.1000229253837275e+65,7.628907318224338e+74
2029-05-13,2.1000229253837275e+65,3.274952583965732e+65,1.2080543834841562e+65,2.4649929584684386e+65,7.036912658413749e+74
2029-05-16,2.4649929584684386e+65,4.494321997890341e+65,4.514886128113592e+64,3.1394101359714446e+65,7.304998595407636e+74
2029-05-19,3.1394101359714446e+65,5.61505707008534e+65,1.8567845865902996e+65,3.933461271082302e+65,9.755035455442261e+74
2026-04-05,3.933461271082302e+65,6.487465961922232e+65,2.32939341773818e+65,4.768279382716729e+65,1.5925478748592857e+75
2023-02-18,4.768279382716729e+65,9.000545940548139e+65,2.280862693504815e+65,5.721878600017479e+65,1.5797391871381689e+75
2026-04-09,5.721878600017479e+65,9.041133270896027e+65,4.1887033785457633e+65,6.5322767899736075e+65,2.843202492679014e+75
2026-04-11,6.5322767899736075e+65,1.0760238675566972e+66,2.1873255754139234e+65,7.992221107918077e+65,2.8282716449760372e+75
2029-06-03,7.992221107918077e+65,1.7281506953141884e+66,4.518263991879313e+65,9.998867394512e+65,1.5947483652389386e+75
2026-04-15,9.998867394512e+65,1.746281279726053e+66,4.916373717784959e+65,1.2067981668898515e+66,1.0569673914217636e+75
2029-06-09,1.2067981668898515e+66,2.0730171076545072e+66,8.830483445871217e+65,1.4115102375062687e+66,1.9332937544564673e+75
2023-02-24,1.4115102375062687e+66,2.7328617819497557e+66,6.343380275596816e+65,1.7624732226078388e+66,5.386012452523743e+75
2029-06-15,1.7624732226078388e+66,3.0184946792336397e+66,7.882075260786269e+65,2.1482805420380898e+66,3.1897448022209865e+75
2026-04-23,2.1482805420380898e+66,3.7647045511477876e+66,5.426217219987115e+65,2.703711582765725e+66,3.775074861225975e+75
2029-06-21,2.703711582765725e+66,5.332545737094496e+66,9.88896058561586e+65,3.450784147595889e+66,9.357450944563873e+75
2023-02-28,3.450784147595889e+66,7.701652122628918e+66,1.5095232212662276e+66,4.354672061434185e+66,1.210517604711213e+76
2026-04-29,4.354672061434185e+66,6.918578677457458e+66,2.9017546621062203e+66,5.119111264096849e+66,2.6616042339819274e+75
2029-06-30,5.119111264096849e+66,8.369321951459707e+66,3.574667987773613e+66,5.948255542181865e+66,2.1338937000028948e+76
2023-03-03,5.948255542181865e+66,9.844839011542238e+66,3.287332286932881e+66,7.005613612735565e+66,3.323762794534514e+76
2026-05-05,7.005613612735565e+66,1.0979416349761747e+67,5.543423404572132e+66,7.968884999855992e+66,5.437468174659263e+75
2023-03-05,7.968884999855992e+66,1.3664227409122352e+67,5.069347362523919e+66,9.399148859950015e+66,3.232281893027877e+76
2026-05-09,9.399148859950015e+66,1.5042017957311566e+67,3.872864964313166e+66,1.1299679616808988e+67,3.0681179809717687e+76
2023-03-07,1.1299679616808988e+67,2.1975396743551034e+67,5.515717330016344e+66,1.3653635508049716e+67,3.856559993458435e+76
2023-03-08,1.3653635508049716e+67,2.5989721925253365e+67,4.547406084729058e+66,1.7095420742517902e+67,3.5284051799756357e+76
2023-03-09,1.7095420742517902e+67,3.505888269182388e+67,6.958042256691986e+66,2.108105329727035e+67,1.9123786344233538e+76
2026-05-17,2.108105329727035e+67,3.572230574911884e+67,8.911331315673029e+66,2.514728994304535e+67,8.433756701106688e+76
2029-07-27,2.514728994304535e+67,4.575005327402259e+67,1.2682645922089035e+67,2.9842388079704344e+67,4.4470849696937444e+76
2023-03-12,2.9842388079704344e+67,4.8004273406560286e+67,1.6909953319173425e+67,3.605129100853476e+67,1.4286017302355689e+77
2026-05-23,3.605129100853476e+67,6.244382220927138e+67,2.4722324272826112e+67,4.202334318964238e+67,9.7099618508958e+76
2026-05-25,4.202334318964238e+67,7.648044420049755e+67,1.819298748400002e+67,5.1678199601968947e+67,2.14636845856332e+76
2029-08-08,5.1678199601968947e+67,9.421212270285807e+67,3.3063530493425717e+67,6.18636205862404e+67,1.6961963713170055e+77
2026-05-29,6.18636205862404e+67,9.737489776850874e+67,3.324991650881633e+67,7.400341678737745e+67,8.136377678088308e+76
2026-05-31,7.400341678737745e+67,1.1135413845404882e+68,4.407052401382962e+67,8.73273424677666e+67,2.6977271183065035e+77
2023-03-18,8.73273424677666e+67,1.6455351042692526e+68,2.931272969391806e+67,1.1007743230658071e+68,3.0355686198971673e+77
2029-08-20,1.1007743230658071e+68,1.6332880317047856e+68,6.08115866187551e+67,1.2931132104753762e+68,4.871544399444369e+77
2026-06-06,1.2931132104753762e+68,1.917870524173552e+68,8.742525595894602e+67,1.4495169829166807e+68,5.823782107545604e+77
2023-03-21,1.4495169829166807e+68,2.6449338247784937e+68,5.981745123238852e+67,1.7854991333537031e+68,4.890516240871011e+77
2023-03-22,1.7854991333537031e+68,2.3852951210650884e+68,1.3197929624594943e+68,1.970101454509324e+68,7.021966349251148e+77
2029-09-01,1.970101454509324e+68,3.3110819371059764e+68,1.2261607345905995e+68,2.271217467898755e+68,4.791130549646263e+77
2026-06-14,2.271217467898755e+68,4.592493727059153e+68,9.313712800142075e+67,2.813294673007083e+68,1.7590603250229263e+77
2023-03-25,2.813294673007083e+68,5.680789631726251e+68,1.2619594097987523e+68,3.436045488970106e+68,3.887492417496814e+77
2026-06-18,3.436045488970106e+68,6.470010403586383e+68,2.043932780780304e+68,4.2915227055807787e+68,8.783806629016872e+77
2029-09-13,4.2915227055807787e+68,6.427437006272721e+68,3.2117701116496007e+68,4.986546604456382e+68,9.303916153733906e+76
2029-09-16,4.986546604456382e+68,9.256426671352302e+68,2.4999994438390244e+68,5.995242237278711e+68,1.2441192473599282e+78
2026-06-24,5.995242237278711e+68,1.2822258596451615e+69,3.7660601603695684e+68,7.457358184185377e+68,8.503006174333428e+77
2026-06-26,7.457358184185377e+68,1.2054221223407962e+69,3.330912316414398e+68,8.979663684974667e+68,2.4499642667467332e+78
2026-06-28,8.979663684974667e+68,1.6508531524922579e+69,4.241434077513923e+68,1.0668691429795896e+69,2.5836742697484187e+78
2029-09-28,1.0668691429795896e+69,1.388642154654136e+69,8.648390470772903e+68,1.18485079566338e+69,6.341134718179159e+78
2026-07-02,1.18485079566338e+69,1.9376552033791776e+69,7.583638758749206e+68,1.3605363602933623e+69,1.9997480116064695e+78
2029-10-04,1.3605363602933623e+69,2.211656145013584e+69,7.875982085619403e+68,1.652701785101823e+69,5.041661268916888e+78
2026-07-06,1.652701785101823e+69,3.0686705726526147e+69,6.638385168341999e+68,2.0118928952844015e+69,5.575377196391421e+77
2023-04-05,2.0118928952844015e+69,3.98104796124528e+69,1.2296572268957704e+69,2.502425757176664e+69,1.7379222602761658e+78
2026-07-10,2.502425757176664e+69,5.124719227875874e+69,7.178509915835826e+68,3.1026279871157478e+69,7.111532688028117e+78
2026-07-12,3.1026279871157478e+69,6.140949384367403e+69,1.5586079550134611e+69,3.881497967154168e+69,1.1927302141707234e+79
2023-04-08,3.881497967154168e+69,8.062142042555256e+69,1.5624998979305203e+69,4.851941143289781e+69,5.311821807345799e+78
2023-04-09,4.851941143289781e+69,7.743995903712326e+69,2.928715521102919e+69,5.7878669943854526e+69,4.360423249047196e+78
2023-04-10,5.7878669943854526e+69,1.3343446978150722e+70,3.2741669989295013e+69,7.398131025652718e+69,2.2669380855482035e+78
2029-10-28,7.398131025652718e+69,1.0364784050920095e+70,4.9883846301117746e+69,8.478516188225196e+69,8.250534103379701e+77
2023-04-12,8.478516188225196e+69,1.4055091972145138e+70,5.18003712007267e+69,9.766928270269437e+69,3.335307671543143e+79
2026-07-24,9.766928270269437e+69,1.4847827165236834e+70,6.545851983614659e+69,1.1035799142338477e+70,1.6095794891461523e+79
2029-11-06,1.1035799142338477e+70,1.990419705778883e+70,5.297014335337236e+69,1.36735584328782e+70,1.139791166740072e+79
2023-04-15,1.36735584328782e+70,2.1231880767276735e+70,8.164898119772658e+69,1.6122035320930647e+70,7.260290869374864e+79
2029-11-12,1.6122035320930647e+70,2.842176224271125e+70,1.0451345250125774e+70,1.9027400157466822e+70,3.798542732263393e+79
2029-11-15,1.9027400157466822e+70,3.258353986894425e+70,1.305956525802936e+70,2.2658517456144824e+70,3.6719728530265664e+79
2029-11-18,2.2658517456144824e+70,4.076591473423497e+70,1.2036214474545265e+70,2.749491815581421e+70,6.689887753101375e+79
2023-04-19,2.749491815581421e+70,4.868144612257108e+70,1.4714331765761807e+70,3.255079859113966e+70,1.4487107715048935e+80
2026-08-07,3.255079859113966e+70,5.951209722915914e+70,2.002098331123428e+70,3.9753334559098556e+70,1.3584683039417405e+80
2023-04-21,3.9753334559098556e+70,6.271814981968211e+70,2.6645609763693938e+70,4.6302475210312666e+70,1.9475620684418846e+80
2026-08-11,4.6302475210312666e+70,6.664436149727313e+70,2.7401721135803028e+70,5.3542408829833165e+70,2.7409628631428394e+80
2023-04-23,5.3542408829833165e+70,9.212295013082788e+70,3.685335431809352e+70,6.393222780870687e+70,6.703460773210847e+79
2026-08-15,6.393222780870687e+70,1.1278019612841915e+71,3.877349210624147e+70,7.658142891732814e+70,6.681150514802563e+79
2029-12-09,7.658142891732814e+70,1.268948762877053e+71,4.5966535154528673e+70,9.320484261184737e+70,8.634643483676935e+79
2026-08-19,9.320484261184737e+70,1.5991928298844243e+71,6.100188973499888e+70,1.0881235243163104e+71,1.271587221813797e+80
2026-08-21,1.0881235243163104e+71,1.7548691612055657e+71,7.433533871088782e+70,1.2771165700833143e+71,3.842477274134553e+80
2023-04-28,1.2771165700833143e+71,2.0665467360666406e+71,8.874599306905318e+70,1.5057068887035574e+71,5.156025175850529e+80
2029-12-21,1.5057068887035574e+71,2.3188342010317375e+71,1.1275539538747116e+71,1.7499693406590895e+71,5.318179598406793e+80
2026-08-27,1.7499693406590895e+71,2.9184242998540117e+71,6.945440037386664e+70,2.129963600914364e+71,3.739343819544793e+80
2023-05-01,2.129963600914364e+71,3.469459098905975e+71,1.4281210501573257e+71,2.5344413303306547e+71,8.935128776304474e+80
2029-12-30,2.5344413303306547e+71,4.1946635653675533e+71,1.619280910032396e+71,2.9210446227893543e+71,9.25831452595258e+80
2023-05-03,2.9210446227893543e+71,5.957999102218566e+71,5.528361075515794e+70,3.7121624712358286e+71,6.42447033920414e+80
2026-09-04,3.7121624712358286e+71,6.729143419199167e+71,1.395922871780893e+71,4.604731191310518e+71,1.1406416091796007e+81
2023-05-05,4.604731191310518e+71,7.416574019744984e+71,2.0523630419379099e+71,5.487531037527707e+71,2.274049433444653e+81
2030-01-11,5.487531037527707e+71,1.1567867926247916e+72,2.6405921897367167e+71,6.826222610056881e+71,1.2097900908492e+80
2026-09-10,6.826222610056881e+71,1.1313539346846958e+72,4.1721337122220325e+71,8.095222839737949e+71,2.980242399098335e+81
2030-01-17,8.095222839737949e+71,1.2481001633272597e+72,5.761007048855763e+71,9.166621585766867e+71,1.517554897681724e+81
2030-01-20,9.166621585766867e+71,1.5287276900124971e+72,5.981784326028437e+71,1.090981824820356e+72,1.7585421980161292e+81
2023-05-10,1.090981824820356e+72,1.547943513930698e+72,8.914897278526952e+71,1.2129137343443404e+72,4.734194228657512e+81
2026-09-18,1.2129137343443404e+72,2.219229017286721e+72,5.938814277486757e+71,1.4735051336775534e+72,5.513680871678051e+81
2026-09-20,1.4735051336775534e+72,2.9497474883278775e+72,5.038175713308405e+71,1.8184302786504037e+72,2.589073069729225e+81
2026-09-22,1.8184302786504037e+72,2.477855326671594e+72,1.2230479654576937e+72,2.0623437037914842e+72,5.301127006762503e+81
2030-02-04,2.0623437037914842e+72,2.941810119093739e+72,1.6445492507489394e+72,2.3320501162669278e+72,6.80700002604901e+81
2026-09-26,2.3320501162669278e+72,3.752682273019161e+72,1.6455346646885936e+72,2.7111896783809296e+72,9.86621387671147e+81
2030-02-10,2.7111896783809296e+72,4.0522775634097064e+72,1.87122628728155e+72,3.0338007195232582e+72,1.4642166741681865e+81
2030-02-13,3.0338007195232582e+72,4.818640670209749e+72,1.8901039614372755e+72,3.554128975145274e+72,8.926722991880195e+80
2026-10-02,3.554128975145274e+72,5.7035740427533444e+72,1.936108682257327e+72,4.2461271777913365e+72,1.3934454618189381e+81
2030-02-19,4.2461271777913365e+72,6.935428986746776e+72,2.4074387222842054e+72,5.0422855128177616e+72,1.477743382700996e+82
2030-02-22,5.0422855128177616e+72,8.500871352776563e+72,3.1645969899219915e+72,5.834499291218933e+72,3.0793793977468915e+82
2023-05-21,5.834499291218933e+72,9.452254182387371e+72,2.757828797889273e+72,6.915208473821997e+72,1.601825439452373e+82
2026-10-10,6.915208473821997e+72,9.0529575901065e+72,5.817518883628685e+72,7.603391913639111e+72,2.4443898081621526e+82
2026-10-12,7.603391913639111e+72,9.858101104948836e+72,6.078542467392528e+72,8.266988313717173e+72,7.205796601088686e+82
2026-10-14,8.266988313717173e+72,1.3501159831974179e+73,5.253725405737432e+72,9.735283478318692e+72,3.1491707394559946e+82
2030-03-09,9.735283478318692e+72,1.61303175934251e+73,3.591490258926834e+72,1.1900226228816909e+73,2.028190555518582e+82
2023-05-26,1.1900226228816909e+73,1.4632964403302058e+73,1.0406142537778957e+73,1.2745192131512486e+73,1.606727301106442e+83
2023-05-27,1.2745192131512486e+73,2.3628419124063195e+73,6.756024492264225e+72,1.541357531016711e+73,5.334199373361434e+82
2030-03-18,1.541357531016711e+73,2.979679791585787e+73,1.0544124066047572e+73,1.8587850972337705e+73,3.161233171570543e+82
2030-03-21,1.8587850972337705e+73,2.8290750631338317e+73,1.2288796559281843e+73,2.1496283547023197e+73,7.70075984400124e+82
2026-10-26,2.1496283547023197e+73,3.314317158004218e+73,1.5728595915737006e+73,2.5258502060345694e+73,9.874660324723653e+82
2030-03-27,2.5258502060345694e+73,3.788082806374844e+73,1.5864471486937403e+73,2.906317529789402e+73,5.5846837536083554e+82
2030-03-30,2.906317529789402e+73,4.4857353670007186e+73,1.9650532391558626e+73,3.3164099202891514e+73,1.1389823586031471e+83
2026-11-01,3.3164099202891514e+73,5.68180889473925e+73,2.3135982052395527e+73,3.886965490180863e+73,5.154800424327906e+82
2026-11-03,3.886965490180863e+73,6.681311213001255e+73,2.3366235285943417e+73,4.6893287880381816e+73,1.5950112726932576e+83
2023-06-04,4.6893287880381816e+73,6.802859038589878e+73,2.663668401131992e+73,5.3911727936732176e+73,2.239241528279062e+83
2026-11-07,5.3911727936732176e+73,9.26388374244197e+73,3.2404969309909394e+73,6.611041351172758e+73,1.6941092702771737e+83
2030-04-14,6.611041351172758e+73,1.0429261779342467e+74,2.802318867160445e+73,7.884580652887999e+73,1.9862817403211688e+83
2026-11-11,7.884580652887999e+73,1.1820071323616633e+74,5.690372672456789e+73,9.119540163265115e+73,2.8535278086298843e+83
2023-06-08,9.119540163265115e+73,1.2167079330428713e+74,6.851257650409022e+73,1.0163559746452386e+74,7.772459123333418e+83
2030-04-23,1.0163559746452386e+74,1.2133261784702368e+74,8.318570736895734e+73,1.0804036163994688e+74,6.620935893938002e+83
2026-11-17,1.0804036163994688e+74,2.0046556578077778e+74,7.200690629600942e+73,1.2881994354933865e+74,5.451397098563857e+83
2030-04-29,1.2881994354933865e+74,1.6032488995272547e+74,1.1361817237436148e+74,1.364325488602414e+74,1.5442212073773206e+84
2026-11-21,1.364325488602414e+74,3.0391538183491644e+74,2.1805700541584663e+73,1.747552066834092e+74,3.2553448755867857e+83
2030-05-05,1.747552066834092e+74,2.4246950492146014e+74,1.2408736702128588e+74,1.923272290336704e+74,6.001116291980488e+83
2023-06-14,1.923272290336704e+74,2.880526201404831e+74,1.179285657501e+74,2.2430684757053647e+74,3.643516366670338e+83
2026-11-27,2.2430684757053647e+74,2.8292253103021405e+74,1.9452059281160017e+74,2.4057862402130716e+74,1.1249577246415373e+84
2026-11-29,2.4057862402130716e+74,4.720128953447617e+74,1.3325396691898114e+74,2.991230997712793e+74,9.25650592730249e+83
2026-12-01,2.991230997712793e+74,4.918286420905801e+74,1.999810874338944e+74,3.6011914284641133e+74,1.2482621278281285e+84
2030-05-20,3.6011914284641133e+74,5.856615977595449e+74,2.495929838408775e+74,4.2180787286986524e+74,6.823522925647185e+83
2030-05-23,4.2180787286986524e+74,6.717297844860283e+74,3.129479833523949e+74,4.905294517659871e+74,1.7349023018408503e+84
2026-12-07,4.905294517659871e+74,9.089489953314944e+74,2.4770222433281315e+74,6.084498662125809e+74,5.954320592292336e+83
2026-12-09,6.084498662125809e+74,1.1651864933390821e+75,2.6138061569300175e+74,7.685102807351333e+74,1.307792637658089e+84
2023-06-22,7.685102807351333e+74,1.3949728618998119e+75,3.94116789851202e+74,9.068912013360536e+74,1.2622474196280252e+84
2030-06-04,9.068912013360536e+74,1.4342184812570696e+75,6.480191073738054e+74,1.0281002849368085e+75,6.089652436591039e+84
2023-06-24,1.0281002849368085e+75,1.7274800111052545e+75,5.860446225744828e+74,1.2542334444290072e+75,4.620433973589611e+84
2030-06-10,1.2542334444290072e+75,1.9598115364575305e+75,9.956820681018309e+74,1.4159115541268787e+75,9.345452701516241e+84
2026-12-19,1.4159115541268787e+75,2.880507699207271e+75,7.295665938887441e+74,1.7393889479998676e+75,3.4722789270956708e+84
2030-06-16,1.7393889479998676e+75,3.1728778093069347e+75,6.712338305086486e+74,2.1112693506667267e+75,1.686227085745389e+84
2026-12-23,2.1112693506667267e+75,3.653263372407938e+75,1.3957255425359022e+75,2.4776532269741726e+75,7.1701587117842055e+84
2026-12-25,2.4776532269741726e+75,4.836343580996629e+75,1.1529456458575924e+75,3.0811157849956947e+75,3.7202733315349007e+83
2023-06-30,3.0811157849956947e+75,5.699403369153227e+75,1.4684102782563938e+75,3.738064786901402e+75,1.920986121763662e+84
2030-06-28,3.738064786901402e+75,7.49820049304583e+75,1.9526744918750825e+75,4.577957888402459e+75,8.267948127474361e+84
2030-07-01,4.577957888402459e+75,8.048465710028329e+75,2.6972145620190494e+75,5.417734650918718e+75,2.4230521781271448e+85
2030-07-04,5.417734650918718e+75,9.422560898176476e+75,3.096326002650234e+75,6.3965717080394025e+75,1.708984307284249e+85
2027-01-04,6.3965717080394025e+75,1.0162178621096146e+76,4.784472300381166e+75,7.35651150869188e+75,2.205349797660473e+85
2030-07-10,7.35651150869188e+75,1.0329201183651861e+76,5.31462345478945e+75,8.437272537373902e+75,2.9335376354884257e+85
2023-07-06,8.437272537373902e+75,1.1988541757584989e+76,6.334189707698405e+75,9.642502960572571e+75,1.6535018706218515e+85
2027-01-10,9.642502960572571e+75,2.07254529033248e+76,1.7845685370147033e+75,1.2321891197527532e+76,2.0205701674149667e+84
2027-01-12,1.2321891197527532e+76,1.5418586827895723e+76,9.934471903971317e+75,1.3222918498741081e+76,3.225468519842692e+85
2023-07-09,1.3222918498741081e+76,2.1351863483891348e+76,9.465364662138624e+75,1.5369228835555294e+76,2.6832454066082057e+85
2027-01-16,1.5369228835555294e+76,2.673878024685615e+76,6.862251694610739e+75,1.8734110159374066e+76,4.8540412039708525e+85
2023-07-11,1.8734110159374066e+76,2.6637841707200267e+76,1.4249726156255447e+76,2.094595122096813e+76,2.416328929715778e+85
2023-07-12,2.094595122096813e+76,3.093517583445513e+76,1.525412829964926e+76,2.3777042433078195e+76,1.4128263577059736e+86
2023-07-13,2.3777042433078195e+76,3.6985495881730346e+76,1.4318374162190207e+76,2.797143554234602e+76,1.1231194082004169e+86
2030-08-06,2.797143554234602e+76,3.896843120404716e+76,2.0837220348938385e+76,3.107577400249275e+76,1.4003094249854306e+86
2023-07-15,3.107577400249275e+76,4.352703035764261e+76,2.0482643415181014e+76,3.476156325557468e+76,3.285571527191379e+85
2023-07-16,3.476156325557468e+76,6.203038870429004e+76,1.8459409348820015e+76,4.273775093353645e+76,1.240558649115896e+86
2030-08-15,4.273775093353645e+76,6.686727374653116e+76,2.314334365519078e+76,4.9368308892640556e+76,4.9718106173925765e+85
2027-02-01,4.9368308892640556e+76,9.404039482463985e+76,1.2021707199753292e+76,6.277714696042777e+76,2.7434525456200315e+85
2023-07-19,6.277714696042777e+76,1.0527456561248454e+77,3.9801112802210696e+76,7.543778255097965e+76,3.0545607195199466e+86
2027-02-05,7.543778255097965e+76,1.0878789931701352e+77,4.4460739664098897e+76,8.707436982361542e+76,3.715600553408552e+86
2023-07-21,8.707436982361542e+76,1.1394516916470476e+77,7.310684748936621e+76,9.609039154300412e+76,5.577047266366923e+86
2030-08-30,9.609039154300412e+76,1.6068255730763325e+77,6.44624915665391e+76,1.1586560264216797e+77,3.132589046052164e+86
2023-07-23,1.1586560264216797e+77,2.0953324053590867e+77,5.147144702897521e+76,1.3822354244118573e+77,1.2810443435959972e+86
2023-07-24,1.3822354244118573e+77,2.3730145924591544e+77,4.750718402382996e+76,1.7098741532255073e+77,5.49561511042289e+86
2030-09-08,1.7098741532255073e+77,3.4381685040990223e+77,8.720009050856419e+76,2.1911792538759398e+77,3.071418583723819e+86
2030-09-11,2.1911792538759398e+77,3.0012121032422555e+77,1.4052526854281467e+77,2.479129864764855e+77,1.2765749298793329e+87
2030-09-14,2.479129864764855e+77,3.5491287519408913e+77,1.858453337935288e+77,2.8263962089161e+77,5.115535920091222e+86
2030-09-17,2.8263962089161e+77,7.613115919417314e+77,4.602618817379849e+74,3.805942203163283e+77,6.954729033150322e+86
2027-02-23,3.805942203163283e+77,6.666644342195441e+77,1.852319117613521e+77,4.625390618489115e+77,7.870917945041804e+86
2023-07-30,4.625390618489115e+77,8.702774558177699e+77,2.5504097797247385e+77,5.764606774502022e+77,4.418483650429466e+86
2023-07-31,5.764606774502022e+77,1.305768089963577e+78,2.498090286706659e+77,7.421542288316615e+77,9.451013541437769e+86
2030-09-29,7.421542288316615e+77,1.7542902500261823e+78,1.996205709003869e+77,9.744332371344595e+77,1.1904290596779083e+86
2027-03-03,9.744332371344595e+77,2.2546758103813946e+78,3.062999538525218e+77,1.296088539498319e+78,1.3649257802925614e+87
2030-10-05,1.296088539498319e+78,1.8775921804776367e+78,9.029634053349488e+77,1.46474851927954e+78,2.9649130433243617e+87
2027-03-07,1.46474851927954e+78,3.7509001105508666e+78,4.356064221540353e+77,2.106192851496144e+78,2.818468588428786e+87
2027-03-09,2.106192851496144e+78,3.9891699079281185e+78,5.170740343451699e+77,2.7389957097653557e+78,4.734482448597838e+87
2027-03-11,2.7389957097653557e+78,4.62101876101136e+78,1.4282169843035738e+78,3.265873644514241e+78,1.3406641796357064e+87
2023-08-07,3.265873644514241e+78,4.8753271225504255e+78,2.2894989971714426e+78,3.6396558949338823e+78,2.549624764674151e+88
2023-08-08,3.6396558949338823e+78,6.982625529997466e+78,4.1783542127272504e+77,4.727075987298523e+78,4.205824158328023e+87
2030-10-23,4.727075987298523e+78,8.961342614628252e+78,2.0215490567156793e+78,5.993082370675815e+78,8.897794011018754e+87
2030-10-26,5.993082370675815e+78,9.499344605288383e+78,3.914929298551775e+78,6.862429722370428e+78,3.1347296328334243e+88
2030-10-29,6.862429722370428e+78,1.535556779970338e+79,9.908473124487122e+77,8.869665431762645e+78,2.3171791950030548e+88
2030-11-01,8.869665431762645e+78,1.4369608394205072e+79,4.4239791394636995e+78,1.0546018150394623e+79,5.488740508988887e+87
2027-03-25,1.0546018150394623e+79,1.7567119178591062e+79,8.057928874378044e+78,1.2156864318778688e+79,5.11212330087801e+88
2023-08-14,1.2156864318778688e+79,2.2040289518138122e+79,8.082743720641804e+78,1.4802185322324468e+79,1.0464380121716062e+88
2030-11-10,1.4802185322324468e+79,2.587083964280951e+79,1.0134297546013724e+79,1.76406690676347e+79,6.6192679019144995e+87
2030-11-13,1.76406690676347e+79,2.971370289206388e+79,9.711649718635784e+78,2.0589249571347597e+79,2.215415992900311e+88
2030-11-16,2.0589249571347597e+79,2.8462575749228777e+79,1.4589886882047082e+79,2.2799592650805515e+79,1.0454816373492906e+89
2023-08-18,2.2799592650805515e+79,4.443370494722239e+79,1.542735475547335e+79,2.7563873670088983e+79,4.7582277313837006e+88
2023-08-19,2.7563873670088983e+79,4.169176398924229e+79,1.8406136597383744e+79,3.174647357689235e+79,7.725770369595945e+87
2030-11-25,3.174647357689235e+79,6.554345621249624e+79,9.908041851040703e+78,3.992850005699194e+79,1.0911686296519414e+89
2023-08-21,3.992850005699194e+79,6.583012521336516e+79,2.5451052646930672e+79,4.641718850963873e+79,2.9063665948911334e+88
2030-12-01,4.641718850963873e+79,8.26901312926347e+79,2.3612405973972233e+79,5.620181066328108e+79,1.1978743790460458e+89
2027-04-14,5.620181066328108e+79,6.357890045319921e+79,5.1603925898458234e+79,5.840483635872747e+79,7.165208484159732e+89
2027-04-16,5.840483635872747e+79,1.1165247832736602e+80,3.12632682099858e+79,7.178069633035031e+79,2.4941182227899822e+89
2027-04-18,7.178069633035031e+79,1.4432881268173638e+80,2.5644635051711502e+79,9.429031794259194e+79,1.8574328779299593e+89
2030-12-13,9.429031794259194e+79,1.6446769423952906e+80,2.6373291780856048e+79,1.1822993125638099e+80,1.291818604381621e+89
2023-08-27,1.1822993125638099e+80,1.264208555059493e+80,1.0843422391457354e+80,1.1436244653441886e+80,9.100366363760916e+89
2023-08-28,1.1436244653441886e+80,2.709481786282124e+80,2.6672978564212687e+79,1.5107107000010723e+80,3.2467814713587283e+89
2023-08-29,1.5107107000010723e+80,2.6462599748241936e+80,6.842481103265141e+79,1.8688549007221444e+80,2.995284485807725e+88
2030-12-25,1.8688549007221444e+80,3.2949588408724706e+80,1.087329818773481e+80,2.2011255037258465e+80,9.485413928455637e+89
2027-04-30,2.2011255037258465e+80,4.2277017933885614e+80,8.686305684581898e+79,2.8758845518960174e+80,4.1261433282239887e+89
2027-05-02,2.8758845518960174e+80,5.395161957853893e+80,1.1191950899751342e+80,3.5235144260754014e+80,1.392727175653765e+89
2031-01-03,3.5235144260754014e+80,7.238070262204147e+80,1.398696448116434e+80,4.3730741545954937e+80,2.5568150149612744e+89
2027-05-06,4.3730741545954937e+80,9.409825725723099e+80,1.428389677509558e+80,5.740159884169112e+80,7.022087654438717e+89
2023-09-04,5.740159884169112e+80,1.1212649733355688e+81,3.256861746490158e+80,7.3205727989931e+80,2.07707636196664e+90
2027-05-10,7.3205727989931e+80,1.1083611596108366e+81,5.056620055723972e+80,8.249618454939468e+80,5.528184112160125e+90
2031-01-15,8.249618454939468e+80,1.5025182818972675e+81,5.131487735963334e+80,1.0197348877368934e+81,2.8063925520093155e+90
2027-05-14,1.0197348877368934e+81,1.6767169325237777e+81,6.437333479402105e+80,1.2057844875136515e+81,4.800799591448718e+89
2027-05-16,1.2057844875136515e+81,1.8527700206263192e+81,8.741665425800204e+80,1.3741159533320425e+81,3.6291111153625807e+90
2027-05-18,1.3741159533320425e+81,2.505372148504125e+81,7.491856702954959e+80,1.660801879526956e+81,5.04382687670097e+90
2023-09-10,1.660801879526956e+81,3.6411271555661493e+81,7.705902861692702e+80,2.160974588624251e+81,2.7805358080714784e+90
2031-01-30,2.160974588624251e+81,3.3815414200268166e+81,1.4238640353950042e+81,2.4430344990293875e+81,7.824781533827897e+90
2031-02-02,2.4430344990293875e+81,3.3276105852103976e+81,1.9552563370094457e+81,2.6698461666703172e+81,1.5011199986286856e+91
2031-02-05,2.6698461666703172e+81,4.0721788517653696e+81,1.7928515930785849e+81,3.1568024067359395e+81,6.848573897685866e+90
2023-09-14,3.1568024067359395e+81,6.309403313568899e+81,1.2207371846398332e+81,4.056008365625422e+81,3.6069665381155946e+90
2023-09-15,4.056008365625422e+81,9.517198009163802e+81,4.818584401533273e+80,5.346804267724379e+81,3.4955148072434225e+90
2027-06-01,5.346804267724379e+81,8.884854526518855e+81,3.3926867487533196e+81,6.273453798293418e+81,3.7769048793067646e+90
2023-09-17,6.273453798293418e+81,9.05594225205508e+81,3.582148453807163e+81,7.2718727596550056e+81,1.2512832160392112e+91
2027-06-05,7.2718727596550056e+81,1.0668144924666281e+82,5.872772835155738e+81,8.171323023688012e+81,9.863169589941116e+90
2023-09-19,8.171323023688012e+81,1.2159841367209582e+82,4.363238695055636e+81,9.589865611221291e+81,1.3414624202462642e+91
2031-02-26,9.589865611221291e+81,2.2625703302407938e+82,3.5153128862384514e+81,1.2315392222105045e+82,1.0024719080647532e+90
2023-09-21,1.2315392222105045e+82,2.8835959344186908e+82,3.5933168185912425e+81,1.679521520187689e+82,2.469655691164807e+90
2027-06-13,1.679521520187689e+82,4.223724869393452e+82,5.53357210151416e+81,2.2169822309115507e+82,4.416043225541786e+91
2023-09-23,2.2169822309115507e+82,3.182858446941123e+82,1.4859565302539549e+82,2.5272042076101148e+82,8.00487924348821e+91
2023-09-24,2.5272042076101148e+82,3.066459942781555e+82,2.1440323117625887e+82,2.6594540518429717e+82,1.2521928896211178e+92
2023-09-25,2.6594540518429717e+82,4.2465127610522696e+82,1.8253646802964676e+82,3.154928576893782e+82,1.154272454274871e+92
2027-06-21,3.154928576893782e+82,7.09164970377712e+82,8.488319691375609e+81,4.0364847151345947e+82,1.0569933527884228e+92
2023-09-27,4.0364847151345947e+82,5.0462495841274966e+82,3.4154778372443454e+82,4.388782792893482e+82,4.4871281440997413e+92
2027-06-25,4.388782792893482e+82,5.10586334033569e+82,3.7734231214949487e+82,4.6563066367692815e+82,5.05879575627683e+92
2023-09-29,4.6563066367692815e+82,9.590899035280897e+82,1.6978516660089978e+82,6.041563832469189e+82,1.0735457035211546e+92
2027-06-29,6.041563832469189e+82,1.4169828204698153e+83,4.980509176845607e+81,8.195633454779103e+82,1.3948223147450816e+92
2023-10-01,8.195633454779103e+82,1.0326389279144141e+83,6.524648043677809e+82,8.780334832832569e+82,5.1075597771363835e+91
2031-04-03,8.780334832832569e+82,1.2056051736505948e+83,6.45873394466962e+82,9.64556939233776e+82,2.203310266189672e+92
2031-04-06,9.64556939233776e+82,1.0463130929594969e+83,9.004085451428983e+82,9.906502432538874e+82,2.5087596713250034e+93
2031-04-09,9.906502432538874e+82,2.5018996443284126e+83,3.1988233535049576e+82,1.312715738668792e+83,2.7750297685734416e+92
2027-07-09,1.312715738668792e+83,3.385388834053502e+83,7.953970653529722e+81,1.741364736357213e+83,1.2377131928311531e+92
2023-10-06,1.741364736357213e+83,2.57577486046555e+83,1.1444077330104806e+83,2.017955405314794e+83,3.552251862361722e+92
2031-04-18,2.017955405314794e+83,4.960578855842347e+83,8.47370226818237e+82,2.7727710995802856e+83,4.681574247338487e+92
2027-07-15,2.7727710995802856e+83,4.202049018656283e+83,1.8765453147797778e+83,3.1206741629009226e+83,1.9402654144016433e+93
2023-10-09,3.1206741629009226e+83,6.212044213248711e+83,1.3136704999605287e+83,3.8299363014500803e+83,7.020068928925344e+92
2027-07-19,3.8299363014500803e+83,5.010764604250266e+83,3.163199057901244e+83,4.164954466723742e+83,3.0572479692214636e+93
2023-10-11,4.164954466723742e+83,8.903516925348422e+83,2.132062653917863e+83,5.309852536505365e+83,6.802552563707204e+92
2031-05-03,5.309852536505365e+83,1.1153381856346578e+84,2.5001173423522815e+83,6.735692308916023e+83,1.8075346278100877e+92
2023-10-13,6.735692308916023e+83,1.3134251683024937e+84,1.8961494335156196e+83,8.618529499506749e+83,1.8552552944590224e+93
2031-05-09,8.618529499506749e+83,1.6723785779949086e+84,3.3125370595927577e+83,1.0591777761762646e+84,1.2279350984149936e+93
2027-07-29,1.0591777761762646e+84,1.2518419721338535e+84,9.760356364740658e+83,1.1080773031567497e+84,4.169593397088748e+93
2031-05-15,1.1080773031567497e+84,2.1381625688922697e+84,4.4656202857982965e+83,1.4198562340866807e+84,7.485274909693017e+92
2027-08-02,1.4198562340866807e+84,1.845764310433529e+84,1.128304438394637e+84,1.5230051967186566e+84,4.5390517445921785e+93
2023-10-18,1.5230051967186566e+84,3.568931907445947e+84,1.3536814689334559e+83,2.0081476561388847e+84,4.658699008405546e+93
2023-10-19,2.0081476561388847e+84,2.982866571214775e+84,1.157109604521918e+84,2.3145248258419605e+84,7.803343023393544e+92
2031-05-27,2.3145248258419605e+84,3.3004824818407344e+84,1.610993851266462e+84,2.657396190305465e+84,1.4807983462960302e+94
2023-10-21,2.657396190305465e+84,4.472674065410674e+84,1.2156617090902397e+84,3.2873166075305124e+84,8.695191217016608e+93
2027-08-12,3.2873166075305124e+84,6.083525195830379e+84,1.762221399646927e+84,4.132376705115177e+84,1.210481654062917e+94
2027-08-14,4.132376705115177e+84,5.717201821492538e+84,3.0104484487313103e+84,4.632957691965346e+84,4.738265386898701e+93
2023-10-24,4.632957691965346e+84,4.83633503541314e+84,4.2674718917271e+84,4.527276977078188e+84,8.614657651317069e+94
2027-08-18,4.527276977078188e+84,5.0707633394424715e+84,4.305062232620602e+84,4.67127681594656e+84,1.3897131403822696e+95
2023-10-26,4.67127681594656e+84,5.470074180220979e+84,4.033741044526299e+84,4.923626250968133e+84,4.008629116272194e+94
2023-10-27,4.923626250968133e+84,5.959933202782537e+84,4.053185465094671e+84,5.233704468630329e+84,7.619910942698143e+94
2027-08-24,5.233704468630329e+84,8.00511562829631e+84,3.3877652882572554e+84,5.942547974285654e+84,1.0188676486517351e+94
2023-10-29,5.942547974285654e+84,7.221718147667103e+84,5.362442425971178e+84,6.310129379484487e+84,8.951444166424041e+94
2027-08-28,6.310129379484487e+84,2.0519216305425246e+85,-1.7922701589283814e+84,9.055947121249323e+84,8.73336167359644e+93
2031-06-29,9.055947121249323e+84,1.0319029380289565e+85,8.556536360650729e+84,9.387112256923279e+84,1.2617241571355508e+95
2027-09-01,9.387112256923279e+84,1.344912545125244e+85,5.779637035950677e+84,1.0609120811687046e+85,4.06669651145341e+94
2031-07-05,1.0609120811687046e+85,1.758846153240829e+85,6.708352645889093e+84,1.2832034378039746e+85,2.5210897636744522e+94
2027-09-05,1.2832034378039746e+85,2.0386825997021085e+85,7.617292098769761e+84,1.5103624019300569e+85,1.0900459580516137e+94
2023-11-04,1.5103624019300569e+85,2.150535257003304e+85,9.218921619350869e+84,1.7086490844565594e+85,5.800795711914361e+94
2027-09-09,1.7086490844565594e+85,2.5428372172399737e+85,9.784796376875893e+84,1.967997049011016e+85,6.943346924083525e+94
2027-09-11,1.967997049011016e+85,2.0412741358295e+85,1.9201908696448322e+85,1.9901946621899243e+85,3.024310083297828e+95
2031-07-20,1.9901946621899243e+85,3.594466354022619e+85,5.81970077370153e+84,2.496832188265763e+85,5.1664657445610424e+94
2027-09-15,2.496832188265763e+85,3.5478615776701716e+85,1.8537725142720497e+85,2.870068026151683e+85,3.968005217645274e+94
2023-11-09,2.870068026151683e+85,4.027457586518208e+85,2.309669832352773e+85,3.2048267590271564e+85,2.20530558087239e+95
2027-09-19,3.2048267590271564e+85,4.638541047498584e+85,2.1665536128699676e+85,3.715089813108295e+85,1.433037929591406e+95
2027-09-21,3.715089813108295e+85,5.5038946352764194e+85,2.9248766521916677e+85,4.173961006075691e+85,1.0710996719371847e+95
2023-11-12,4.173961006075691e+85,7.017322608921379e+85,2.9894856388907482e+85,4.842784895182259e+85,4.600503162654505e+94
2031-08-07,4.842784895182259e+85,8.460163097644054e+85,3.183512464980244e+85,5.755177774401904e+85,2.5653680299237654e+95
2023-11-14,5.755177774401904e+85,7.405443205192331e+85,4.637121789507822e+85,6.229698044620769e+85,2.9473880217809074e+95
2023-11-15,6.229698044620769e+85,9.003553665587532e+85,4.319455199928588e+85,7.188180546661934e+85,1.1800397494137117e+95
2031-08-16,7.188180546661934e+85,1.2164117514172396e+86,3.84143162757411e+85,8.812549843881354e+85,2.95780355644683e+95
2023-11-17,8.812549843881354e+85,1.327869107308397e+86,4.590105691629825e+85,1.0350193345799213e+86,3.348299623097364e+95
2027-10-05,1.0350193345799213e+86,1.522783718865862e+86,7.873367223494309e+85,1.1651062669038134e+86,5.446840689876664e+95
2027-10-07,1.1651062669038134e+86,2.491205834342867e+86,5.9756188198267616e+85,1.4506814091171848e+86,3.4901384982634977e+95
2031-08-28,1.4506814091171848e+86,2.3266240999327597e+86,8.971026469029765e+85,1.656049041775483e+86,1.4144126488289557e+95
2023-11-21,1.656049041775483e+86,2.858294102134362e+86,9.013993325254892e+85,1.9445567882773231e+86,5.244206890247249e+95
2031-09-03,1.9445567882773231e+86,2.6516081207357515e+86,1.49503235162449e+86,2.1587907214594919e+86,3.287034474415019e+95
2027-10-15,2.1587907214594919e+86,3.9542542727684363e+86,6.6022296991731e+85,2.7202121055614276e+86,2.424619895495493e+95
2031-09-09,2.7202121055614276e+86,4.6324696419885845e+86,1.5268179964983037e+86,3.332894034393211e+86,9.699165500430605e+95
2031-09-12,3.332894034393211e+86,5.73570196188993e+86,2.3096363742444805e+86,3.935899260604959e+86,1.2321411651895524e+96
2027-10-21,3.935899260604959e+86,5.487070093045217e+86,2.952030621703399e+86,4.376220341951093e+86,3.1190767936785116e+96
2027-10-23,4.376220341951093e+86,6.268829960716859e+86,2.974382992979522e+86,5.033186494735892e+86,1.0918662072499322e+96
2023-11-28,5.033186494735892e+86,9.533969574843602e+86,2.4132602805776928e+86,6.258008747953721e+86,1.0348458751070311e+95
2027-10-27,6.258008747953721e+86,1.2791786184373383e+87,2.1623842533514473e+86,7.851355966042445e+86,2.2891799003054985e+96
2031-09-27,7.851355966042445e+86,1.23090467665653e+87,5.174648654487552e+86,9.02174853023371e+86,1.5684715063617928e+96
2027-10-31,9.02174853023371e+86,1.720862805556701e+87,1.9832787821960091e+86,1.1386603747560933e+87,2.3660893074752696e+96
2027-11-02,1.1386603747560933e+87,2.2320092869424667e+87,5.669720342278138e+86,1.3888918421163186e+87,1.5675101845497481e+96
2023-12-03,1.3888918421163186e+87,1.5495933779755056e+87,1.2801448708229336e+87,1.4368830411609342e+87,1.6837376662507276e+97
2027-11-06,1.4368830411609342e+87,2.0718902972417224e+87,1.0418941293573311e+87,1.6047693015259812e+87,3.207840326501242e+96
2027-11-08,1.6047693015259812e+87,1.8867340080725946e+87,1.3244805461630326e+87,1.7121277815224102e+87,1.123225077299941e+97
2023-12-06,1.7121277815224102e+87,2.4057848519044694e+87,1.4430243466911525e+87,1.8837621214977317e+87,7.208953860705015e+96
2031-10-18,1.8837621214977317e+87,2.7225038446067336e+87,1.2769718583931847e+87,2.1259560759748034e+87,9.195017942578927e+96
2027-11-14,2.1259560759748034e+87,3.841475397195831e+87,7.070883496127751e+86,2.6191034279798053e+87,7.441107741056527e+96
2023-12-09,2.6191034279798053e+87,4.6204940080984e+87,1.1709541281780628e+87,3.134931980609068e+87,1.5328732201079069e+96
2031-10-27,3.134931980609068e+87,5.441352526822876e+87,1.477986888566113e+87,3.9268190417135162e+87,2.8757303216307014e+95
2031-10-30,3.9268190417135162e+87,4.9591554872321314e+87,3.1635075755055967e+87,4.185682265423161e+87,3.609024596195148e+97
2027-11-22,4.185682265423161e+87,6.53188268931671e+87,2.2446515436496897e+87,4.899375553556796e+87,1.5234101463874256e+97
2031-11-05,4.899375553556796e+87,6.74631804897402e+87,3.8154335244559043e+87,5.4541096153711365e+87,5.791325798588646e+96
2023-12-14,5.4541096153711365e+87,6.576676278827458e+87,4.404190944977629e+87,5.8395490582996745e+87,5.3952745520783534e+97
2023-12-15,5.8395490582996745e+87,9.945386185050925e+87,3.2455388364743675e+87,6.887799285753975e+87,1.436005428794671e+97
2031-11-14,6.887799285753975e+87,1.0315964362375685e+88,4.969188813920229e+87,7.719131774441186e+87,5.434654101516021e+96
2027-12-02,7.719131774441186e+87,1.2158657701290302e+88,3.4908030060438184e+87,9.20087227126662e+87,2.981353387790666e+97
2027-12-04,9.20087227126662e+87,1.7887801684880752e+88,4.992549197741629e+87,1.1107477306664237e+88,3.823847141293785e+97
2031-11-23,1.1107477306664237e+88,1.850609506717726e+88,7.413590302003194e+87,1.287691917536276e+88,2.3742498780505256e+97
2023-12-20,1.287691917536276e+88,2.3535756490718436e+88,5.9554820324029545e+87,1.5570463500137752e+88,6.031001062023341e+97
2027-12-10,1.5570463500137752e+88,2.429864526094759e+88,1.0985795467148586e+88,1.7938379259008875e+88,5.043711515913558e+97
2027-12-12,1.7938379259008875e+88,2.2541599339884417e+88,1.4476098947080942e+88,1.9276757949415548e+88,2.250245477473738e+98
2027-12-14,1.9276757949415548e+88,2.7689204287462463e+88,1.2093924392117073e+88,2.231440418305044e+88,6.8225927547628695e+97
2027-12-16,2.231440418305044e+88,3.949934423750011e+88,1.3902791370630067e+88,2.627149517864596e+88,6.0224251941871135e+97
2027-12-18,2.627149517864596e+88,3.439588838676447e+88,2.108048690248995e+88,2.868104808764577e+88,4.861456430993614e+97
2031-12-14,2.868104808764577e+88,3.639503411799569e+88,2.3412263751447875e+88,3.1294829174286187e+88,7.546360549411849e+97
2023-12-27,3.1294829174286187e+88,4.035139269326141e+88,2.513369729856699e+88,3.351091962628963e+88,3.1732965775384237e+98
2027-12-24,3.351091962628963e+88,4.304769573623098e+88,2.7053497650583503e+88,3.683933142044109e+88,2.409899108186442e+98
2027-12-26,3.683933142044109e+88,6.6255888030963e+88,1.7546878899570635e+88,4.4000707132805804e+88,1.5193927728300846e+98
2023-12-30,4.4000707132805804e+88,5.49888983480872e+88,3.813145773304699e+88,4.705175077510764e+88,4.770359642373252e+98
2031-12-29,4.705175077510764e+88,6.210377882745656e+88,3.553050885534635e+88,5.2199118000603766e+88,3.42162657162483e+98
2028-01-01,5.2199118000603766e+88,7.785414580114064e+88,3.7883317481165626e+88,6.0090309555447356e+88,1.953609706222368e+97
2024-01-02,6.0090309555447356e+88,8.696702661268944e+88,4.766227206702984e+88,6.714339032120984e+88,4.4072340374240984e+98
2032-01-07,6.714339032120984e+88,1.0241703438173318e+89,4.7290625840045136e+88,7.958637662434543e+88,1.5808159723447504e+98
2032-01-10,7.958637662434543e+88,1.2575933813781562e+89,4.112256487310369e+88,9.244840168047705e+88,3.8758167408711565e+98
2024-01-05,9.244840168047705e+88,1.8334549290499786e+89,4.2695571004869846e+88,1.1375095638234221e+89,3.6002377459828175e+98
2032-01-16,1.1375095638234221e+89,1.8708959845011852e+89,7.537169348196246e+88,1.3810895178074677e+89,5.029550059878797e+98
2028-01-13,1.3810895178074677e+89,1.9428289956309772e+89,1.0311152261140727e+89,1.5139753440251923e+89,1.3993647491032415e+99
2032-01-22,1.5139753440251923e+89,1.7604277757481653e+89,1.3039814177846745e+89,1.6035743085488398e+89,1.3103939774335697e+99
2024-01-09,1.6035743085488398e+89,2.0244945978835796e+89,1.2774539302086115e+89,1.7197842251484832e+89,2.01776569339317e+99
2024-01-10,1.7197842251484832e+89,2.6496112071139264e+89,1.1973396699142349e+89,1.952231143247708e+89,1.1092639763333925e+99
2024-01-11,1.952231143247708e+89,2.31410197632685e+89,1.7508836233878176e+89,2.052808786757662e+89,5.54736176097359e+98
2024-01-12,2.052808786757662e+89,2.733060784553997e+89,1.7253248726785572e+89,2.2281238056426e+89,1.9495192012990736e+99
2028-01-25,2.2281238056426e+89,3.448502525807163e+89,1.5694072362654542e+89,2.6030565331266656e+89,3.6195373277460053e+98
2032-02-09,2.6030565331266656e+89,4.091642899861949e+89,1.938067244860121e+89,2.9880182168834335e+89,1.3306243373865553e+99
2028-01-29,2.9880182168834335e+89,4.0179653553097377e+89,2.5391482174942443e+89,3.2509779326574644e+89,1.475372359853804e+99
2028-01-31,3.2509779326574644e+89,6.649755812830546e+89,1.0440860044964542e+89,4.1255840887872603e+89,1.141108171510027e+99
2028-02-02,4.1255840887872603e+89,4.8131849197496126e+89,3.7561921635842436e+89,4.369419523384822e+89,5.641369292067096e+99
2024-01-18,4.369419523384822e+89,8.243447823679018e+89,2.883044987442981e+89,5.220484842927155e+89,1.5894497207152915e+98
2024-01-19,5.220484842927155e+89,8.878416257087272e+89,2.9309703162489695e+89,6.150350734832242e+89,2.6480293696849087e+99
2024-01-20,6.150350734832242e+89,1.5307083053232777e+90,5.206257761825694e+88,8.151162814159511e+89,1.8394038228676378e+99
2028-02-10,8.151162814159511e+89,1.1857035450319863e+90,5.391203039760412e+89,9.245817643673191e+89,3.3873024816256625e+99
2028-02-12,9.245817643673191e+89,1.378018270871194e+90,5.496766440436613e+89,1.0613832205643464e+90,5.631501598010726e+99
2032-03-07,1.0613832205643464e+90,1.521972943420264e+90,7.803361888193334e+89,1.171578616534128e+90,4.618034666492908e+99
2024-01-24,1.171578616534128e+90,2.2013631784175327e+90,6.097969180294417e+89,1.4312761083301113e+90,1.8593819722021466e+99
2032-03-13,1.4312761083301113e+90,1.9110048771813406e+90,1.1717278850879254e+90,1.5757952450699766e+90,4.3731997560227584e+99
2024-01-26,1.5757952450699766e+90,2.148566940506392e+90,1.1533714066315906e+90,1.7256008438386973e+90,8.70662811024458e+99
2032-03-19,1.7256008438386973e+90,2.4905826864376455e+90,1.3329046652351134e+90,1.9651623049459825e+90,6.914293449197049e+99
2032-03-22,1.9651623049459825e+90,2.5225638204970863e+90,1.379054850437937e+90,2.171867222503921e+90,1.017350254144451e+100
2028-02-26,2.171867222503921e+90,3.786417083307879e+90,8.633201389783265e+89,2.663573613373941e+90,6.995739758553476e+99
2032-03-28,2.663573613373941e+90,4.22509973130306e+90,1.547062210050937e+90,3.121069448942232e+90,5.597106550959107e+99
2024-01-31,3.121069448942232e+90,5.283951155151224e+90,1.5781660371273582e+90,3.6509100063240714e+90,8.351339526495017e+99
2032-04-03,3.6509100063240714e+90,6.0842166757133e+90,2.160951944176486e+90,4.201099558757116e+90,2.3962633387563904e+100
2032-04-06,4.201099558757116e+90,5.601664855394746e+90,3.1292865398610607e+90,4.569887931845105e+90,3.201012857894107e+100
2032-04-09,4.569887931845105e+90,7.402000520298222e+90,2.5917148897152113e+90,5.296457882365244e+90,1.6585865533783872e+100
2024-02-04,5.296457882365244e+90,9.786009189157912e+90,2.802086877032744e+90,6.390720236777174e+90,6.541194629866997e+99
2028-03-11,6.390720236777174e+90,9.331401564192081e+90,4.777508526824843e+90,7.130228853125303e+90,8.565126619035483e+99
2028-03-13,7.130228853125303e+90,1.1594988076544225e+91,5.386693588690044e+90,8.204548267455006e+90,3.38699897100709e+99
2024-02-07,8.204548267455006e+90,1.0532981821756718e+91,6.556313835356615e+90,8.924495144282664e+90,5.538503926868364e+100
2032-04-24,8.924495144282664e+90,1.4878209796537948e+91,4.849044737460033e+90,1.0375854902988331e+91,3.229309954010345e+100
2032-04-27,1.0375854902988331e+91,1.3118599182170573e+91,8.875341679163282e+90,1.1047432324784552e+91,1.5606495277092914e+101
2024-02-10,1.1047432324784552e+91,1.67174829487476e+91,7.8618606048610435e+90,1.2931621217608988e+91,4.625090457483913e+100
2024-02-11,1.2931621217608988e+91,2.3890720775478824e+91,5.610322157941399e+90,1.5812087681171839e+91,2.6756490683548028e+100
2024-02-12,1.5812087681171839e+91,2.325892854077781e+91,1.0291243506892832e+91,1.7705313549515537e+91,4.960738930874638e+100
2024-02-13,1.7705313549515537e+91,2.1424936798460206e+91,1.4581280966178627e+91,1.903037722906809e+91,1.1800244885420077e+100
2024-02-14,1.903037722906809e+91,2.375972158766515e+91,1.5752520872839893e+91,2.070498554260472e+91,8.233447594162195e+100
2028-03-31,2.070498554260472e+91,2.0716746214693816e+91,2.0681757826438723e+91,2.0698120841786095e+91,1.2042958793415358e+102
2028-04-02,2.0698120841786095e+91,3.2779512904932335e+91,1.5484246325044481e+91,2.3557588899803527e+91,1.229942287712671e+101
2028-04-04,2.3557588899803527e+91,3.900447967431774e+91,1.537032963359013e+91,2.8782308342548943e+91,5.166075170388873e+100
2028-04-06,2.8782308342548943e+91,4.2744652141278154e+91,1.7908180033239945e+91,3.259721512995341e+91,1.7014774077755553e+101
2028-04-08,3.259721512995341e+91,5.2780894234836404e+91,2.127636387431577e+91,3.922618872424061e+91,1.026028894019255e+101
2028-04-10,3.922618872424061e+91,4.085372136162836e+91,3.843161864999525e+91,3.968721693042161e+91,2.4383485572306495e+102
2024-02-21,3.968721693042161e+91,6.2096945271198055e+91,2.770856330384951e+91,4.616484893965309e+91,9.7613318630206e+100
2032-06-05,4.616484893965309e+91,4.920166477253235e+91,4.324752171197598e+91,4.732914119088315e+91,8.212648892621173e+101
2028-04-16,4.732914119088315e+91,5.3375728118746145e+91,4.342335879363717e+91,4.898554294363261e+91,1.0794480925981722e+102
2032-06-11,4.898554294363261e+91,4.953384578468437e+91,4.8530066970365675e+91,4.9170115087589386e+91,8.417686192905851e+102
2024-02-25,4.9170115087589386e+91,7.77168628399248e+91,3.709332661438269e+91,5.681698390934584e+91,1.8165215127274316e+101
2024-02-26,5.681698390934584e+91,1.0893356914794572e+92,2.884425662035677e+91,6.922747460403661e+91,7.407440746755977e+99
2032-06-20,6.922747460403661e+91,1.0183398238154823e+92,3.786887376906927e+91,8.092785319577509e+91,1.0356004788233539e+101
2032-06-23,8.092785319577509e+91,1.1684525209438346e+92,5.9966789403089e+91,8.977468817674132e+91,6.944128284107913e+100
2032-06-26,8.977468817674132e+91,1.060593786674209e+92,7.276434428672492e+91,9.586512081187325e+91,4.37095502765762e+100
2028-04-30,9.586512081187325e+91,1.1762419222487968e+92,8.437505577733031e+91,1.0334521596622861e+92,6.543857425282483e+101
2028-05-02,1.0334521596622861e+92,1.3935631563770197e+92,8.12093710309462e+91,1.1597814346006675e+92,1.290072011779858e+101
2028-05-04,1.1597814346006675e+92,1.923716147037165e+92,8.356558118472367e+91,1.3469921644492288e+92,6.844658513586868e+101
2032-07-08,1.3469921644492288e+92,2.1423421394405033e+92,9.800315092090598e+91,1.5851612628748317e+92,5.173943882732719e+100
2028-05-08,1.5851612628748317e+92,2.6316508882462206e+92,9.892891529423756e+91,1.9328739896969392e+92,6.461050526220437e+101
2028-05-10,1.9328739896969392e+92,2.1062950315571714e+92,1.8185619873604507e+92,1.996245493741721e+92,4.4487398215051295e+102
2032-07-17,1.996245493741721e+92,3.485291900626126e+92,9.679621966255055e+91,2.4506486034437738e+92,4.4671030135994595e+101
2024-03-08,2.4506486034437738e+92,3.555960841028116e+92,1.9626593944005447e+92,2.7559877858908107e+92,7.595603370838915e+100
2032-07-23,2.7559877858908107e+92,4.5056878443045536e+92,1.2166866021613462e+92,3.30005775980668e+92,3.8596232203530193e+101
2032-07-26,3.30005775980668e+92,4.592103532146631e+92,2.3354014426464733e+92,3.660297005186435e+92,9.418963449683549e+101
2028-05-20,3.660297005186435e+92,4.681609942727855e+92,2.815897519955885e+92,3.965198561230069e+92,2.220917123978296e+102
2024-03-12,3.965198561230069e+92,4.1870460773398593e+92,3.6947995951057275e+92,3.882203959546724e+92,8.136887312819149e+102
2032-08-04,3.882203959546724e+92,8.013546025968142e+92,2.2451193457180452e+92,4.972502249605077e+92,6.497021982225886e+101
2032-08-07,4.972502249605077e+92,6.04871162650104e+92,3.7832488032786714e+92,5.38255285005076e+92,2.938774917624917e+102
2032-08-10,5.38255285005076e+92,1.1462233027354093e+93,9.857764974285288e+91,7.127307658677449e+92,1.6592664025041301e+102
2032-08-13,7.127307658677449e+92,1.1067355306011853e+93,5.014632511108623e+92,8.340008128040294e+92,2.2567500177515297e+102
2024-03-17,8.340008128040294e+92,1.6424766626543535e+93,3.4950082074368916e+92,1.0654914314084137e+93,3.9585937148066094e+101
2024-03-18,1.0654914314084137e+93,1.4992746038964826e+93,8.732043864353024e+92,1.1713603207435616e+93,5.466477737392376e+102
2028-06-05,1.1713603207435616e+93,1.6091414589432655e+93,6.24163693515092e+92,1.0164427588425997e+93,5.657930803901374e+102
2032-08-25,1.0164427588425997e+93,1.3287620665072943e+93,8.665273671022454e+92,1.0909369256684443e+93,6.451854280976314e+102
2032-08-28,1.0909369256684443e+93,1.5978755653175244e+93,6.465822500621027e+92,1.2457089356833223e+93,1.0949183578579834e+102
2024-03-22,1.2457089356833223e+93,1.6528809375594815e+93,9.800349789217326e+92,1.3966339759573402e+93,5.760236975693992e+102
2032-09-03,1.3966339759573402e+93,2.0576883504891188e+93,9.447730987028566e+92,1.5675539905729687e+93,6.194014647827783e+102
2032-09-06,1.5675539905729687e+93,2.029120976098176e+93,1.256751253270579e+93,1.681648355777825e+93,9.707166291505673e+102
2024-03-25,1.681648355777825e+93,1.9411434444592173e+93,1.4561816504266906e+93,1.7645657718328102e+93,2.8280026035308943e+103
2028-06-19,1.7645657718328102e+93,1.8573920086971329e+93,1.6910216011122997e+93,1.789280742258708e+93,1.6820916488744285e+103
2028-06-21,1.789280742258708e+93,3.506474344391762e+93,9.662336228392495e+92,2.169113613857404e+93,1.9327648031726991e+102
2024-03-28,2.169113613857404e+93,3.260506929313951e+93,1.668312916743106e+93,2.4493182799352567e+93,1.373742054376705e+103
2032-09-21,2.4493182799352567e+93,2.5289585295680234e+93,2.3803661313415594e+93,2.4760779982079134e+93,5.423409062727533e+103
2028-06-27,2.4760779982079134e+93,3.7073605322932495e+93,1.5902002021748685e+93,2.822655853587924e+93,1.0790310807585779e+103
2024-03-31,2.822655853587924e+93,3.8175526547717054e+93,1.9181275099562316e+93,3.1537805167270164e+93,9.675774748352008e+102
2028-07-01,3.1537805167270164e+93,3.6147324292552296e+93,2.8188886492858276e+93,3.2882883351453553e+93,4.215298515787752e+103
2032-10-03,3.2882883351453553e+93,4.267218991214728e+93,2.8092201280814034e+93,3.559977802828726e+93,2.3571987538732917e+103
2032-10-06,3.559977802828726e+93,5.864289803027062e+93,2.431207761322594e+93,4.172791078148152e+93,1.0916319798487109e+103
2028-07-07,4.172791078148152e+93,6.014822919609587e+93,2.651085184681559e+93,4.777370019101916e+93,2.8571028751120792e+103
2032-10-12,4.777370019101916e+93,6.1627510463174e+93,3.7247688858087064e+93,5.150017975866546e+93,7.309986014548879e+101
2028-07-11,5.150017975866546e+93,5.680099668122723e+93,4.712737006168192e+93,5.300048604083963e+93,1.084453297737045e+103
2028-07-13,5.300048604083963e+93,6.353750176733726e+93,3.503637578701071e+93,4.748676478250423e+93,2.4042746236401195e+103
2028-07-15,4.748676478250423e+93,8.496889714707311e+93,3.1860450130029463e+93,5.747037357582065e+93,1.6353134963388807e+103
2024-04-09,5.747037357582065e+93,7.721057796833553e+93,4.869920141623338e+93,6.328780788579372e+93,1.1506122705496497e+103
2024-04-10,6.328780788579372e+93,1.1643552330367999e+94,3.025740491452091e+93,7.546936380701058e+93,3.2563517460862042e+103
2024-04-11,7.546936380701058e+93,1.1913917272346258e+94,4.752355505874234e+93,9.037398399249427e+93,6.604752984256467e+102
2028-07-23,9.037398399249427e+93,1.1859319901092979e+94,6.557106291606862e+93,1.0054769630915284e+94,3.018048576590611e+102
2028-07-25,1.0054769630915284e+94,1.6191799976331589e+94,6.846357893756286e+93,1.165781024611971e+94,1.6265226628729607e+103
2024-04-14,1.165781024611971e+94,1.2871134238317193e+94,1.0571084931547926e+94,1.2027670650450868e+94,3.065224726407969e+104
2028-07-29,1.2027670650450868e+94,1.4233567876722099e+94,1.0079874686773872e+94,1.2839270205232336e+94,7.916719135350004e+103
2024-04-16,1.2839270205232336e+94,1.8269392110819585e+94,9.377937873053428e+93,1.4300733573754682e+94,1.0679428699323193e+103
2024-04-17,1.4300733573754682e+94,2.579129863076289e+94,7.603283287383901e+93,1.6937477791516757e+94,6.0872139700171214e+103
2024-04-18,1.6937477791516757e+94,2.3087930885830283e+94,1.3717797166025507e+94,1.8426087511309246e+94,5.944431968131613e+103
2032-11-23,1.8426087511309246e+94,2.3044707852931895e+94,1.5755064412738638e+94,2.0118424278185023e+94,1.7081595277618172e+104
2028-08-08,2.0118424278185023e+94,2.804081633410777e+94,1.2862518997732045e+94,2.2879480989605657e+94,3.529673767851265e+103
2032-11-29,2.2879480989605657e+94,3.4786102761013756e+94,1.541619920248638e+94,2.627757571173271e+94,6.682994670488351e+103
2032-12-02,2.627757571173271e+94,2.8439849971273044e+94,2.50312449239103e+94,2.6897818301650605e+94,1.0445003843600491e+105
2024-04-23,2.6897818301650605e+94,3.138593252705766e+94,2.4330846595945533e+94,2.8449764005218778e+94,2.7934848548777543e+104
2024-04-24,2.8449764005218778e+94,4.315674618260227e+94,1.75371732203229e+94,3.240192702736737e+94,1.8540763706070138e+104
2024-04-25,3.240192702736737e+94,4.140698791416959e+94,2.5364975698616033e+94,3.512211618548407e+94,1.737508385669337e+104
2024-04-26,3.512211618548407e+94,4.277785457736411e+94,3.0896816631845442e+94,3.782008111371147e+94,6.236658682872196e+103
2032-12-17,3.782008111371147e+94,4.3316390770252006e+94,3.185047845513789e+94,3.5731468765397894e+94,6.070185566118625e+104
2024-04-28,3.5731468765397894e+94,5.609788164592136e+94,2.2595216934255296e+94,4.2423355703706264e+94,6.667525314576352e+103
2028-08-26,4.2423355703706264e+94,7.733731176733805e+94,2.7431123933491473e+94,5.1155504772215685e+94,5.0498546490960975e+103
2032-12-26,5.1155504772215685e+94,7.295908213586768e+94,3.975443371001974e+94,5.650036219461657e+94,9.96122722346547e+103
2024-05-01,5.650036219461657e+94,7.037897692907118e+94,4.748352840143633e+94,6.155454672103739e+94,3.037857376159356e+104
2033-01-01,6.155454672103739e+94,8.282553817288519e+94,4.94491326119341e+94,6.659921870509325e+94,2.537410146895005e+104
2033-01-04,6.659921870509325e+94,7.841219966545402e+94,5.891154607513018e+94,7.045669394579177e+94,1.3085043197922098e+104
2024-05-04,7.045669394579177e+94,9.25243946240768e+94,5.202334344218341e+94,7.685731757856564e+94,4.982115858256712e+104
2033-01-10,7.685731757856564e+94,1.0807865128387187e+95,5.06689740266075e+94,8.692248235819126e+94,5.59333548140562e+104
2028-09-09,8.692248235819126e+94,1.7079565384334553e+95,4.682315149547903e+94,1.0635169807695303e+95,1.580032006758395e+104
2024-05-07,1.0635169807695303e+95,1.3664477172577593e+95,8.76360730469278e+94,1.1754000793265951e+95,3.009262687570812e+104
2024-05-08,1.1754000793265951e+95,1.8301973277535545e+95,6.816982175036453e+94,1.3474778052038277e+95,2.941004705720185e+104
2024-05-09,1.3474778052038277e+95,1.9512694954799394e+95,9.779747652973746e+94,1.5426724041949627e+95,1.6979991788418318e+104
2033-01-25,1.5426724041949627e+95,2.4604756210208907e+95,1.0305061390050952e+95,1.8281638158187846e+95,1.5364518056707667e+104
2028-09-19,1.8281638158187846e+95,2.838331554605812e+95,1.2889567822749414e+95,2.0888538027179694e+95,1.0122317878074208e+105
2024-05-12,2.0888538027179694e+95,2.918031994825269e+95,1.626066846968062e+95,2.3437828295399412e+95,7.901358717673872e+104
2028-09-23,2.3437828295399412e+95,4.104235790065294e+95,1.159345475075364e+95,2.743167871115386e+95,1.3723052788853463e+105
2028-09-25,2.743167871115386e+95,3.0553955644792755e+95,2.6152232249516667e+95,2.823230036142529e+95,1.437919557234092e+105
2024-05-15,2.823230036142529e+95,4.163666029696196e+95,2.0007314694795304e+95,3.2222333195953366e+95,1.2056797250910008e+105
2033-02-12,3.2222333195953366e+95,4.016199577253472e+95,2.809549959973783e+95,3.485207420180795e+95,2.4473721637491093e+105
2024-05-17,3.485207420180795e+95,5.216821512613531e+95,2.408080304935372e+95,4.060978000363791e+95,1.33574753356527e+105
2028-10-03,4.060978000363791e+95,5.359470380993468e+95,3.166585217447941e+95,4.383020131398279e+95,4.960644327087872e+105
2028-10-05,4.383020131398279e+95,6.595467854202464e+95,2.815621890492491e+95,5.011172087856753e+95,2.2700132193835075e+104
2033-02-24,5.011172087856753e+95,7.940236480487126e+95,2.6043679288396534e+95,5.863550583174051e+95,2.2202475161695614e+105
2028-10-09,5.863550583174051e+95,6.570852389611169e+95,5.387339907291479e+95,6.094629046644704e+95,1.037877984025472e+106
2033-03-02,6.094629046644704e+95,9.642244137728008e+95,4.282663415966935e+95,6.914286656351421e+95,2.6527487278804716e+105
2033-03-05,6.914286656351421e+95,1.1689639547766317e+96,3.9251125752663356e+95,8.548349611007145e+95,6.172309464908771e+104
2024-05-24,8.548349611007145e+95,1.0889886906585864e+96,7.145268896627849e+95,9.264573066696233e+95,9.078603994611655e+105
2033-03-11,9.264573066696233e+95,1.6313849137500074e+96,5.803314298047626e+95,1.139177922440881e+96,3.042803719042537e+105
2028-10-19,1.139177922440881e+96,2.34958888969663e+96,4.8936787738546064e+95,1.45969784342604e+96,2.381200486522083e+105
2028-10-21,1.45969784342604e+96,1.7855175104992666e+96,1.2490087689829352e+96,1.557749381098107e+96,8.123694822883971e+105
2028-10-23,1.557749381098107e+96,2.248741591791732e+96,1.1162780237324284e+96,1.7706547833858782e+96,2.140103957214177e+105
2024-05-29,1.7706547833858782e+96,2.8175776235622474e+96,1.2922263010817963e+96,2.017041751773337e+96,6.44824423040076e+105
2033-03-26,2.017041751773337e+96,3.4105946435092457e+96,1.060341187346805e+96,2.3741781610223553e+96,1.0564150404246158e+106
2024-05-31,2.3741781610223553e+96,4.216891180759061e+96,1.4023610685243245e+96,2.859932052378351e+96,7.871693127089321e+105
2028-10-31,2.859932052378351e+96,4.795277575517933e+96,1.2861099353781866e+96,3.4378319744283543e+96,9.71915103863906e+105
2028-11-02,3.4378319744283543e+96,5.431369723588459e+96,1.609010688707395e+96,4.095090577139125e+96,1.292933243414178e+106
2033-04-07,4.095090577139125e+96,9.004980561350733e+96,2.4852716472649514e+96,5.159222028644891e+96,4.829843387205201e+105
2028-11-06,5.159222028644891e+96,8.214075202473691e+96,3.0719836305898593e+96,6.03993909934836e+96,1.9909310754097197e+106
2028-11-08,6.03993909934836e+96,7.469902397733248e+96,4.868492670758096e+96,6.432526565780721e+96,8.846139021043656e+106
2028-11-10,6.432526565780721e+96,9.792923217829742e+96,4.438585924708638e+96,7.509991731147811e+96,2.270103122935776e+106
2033-04-19,7.509991731147811e+96,1.6977691141412381e+97,1.941538962657373e+96,9.665161273528398e+96,1.2215643404105446e+106
2024-06-08,9.665161273528398e+96,1.4721523823022588e+97,6.447458685801208e+96,1.0928535394593438e+97,1.608138103346542e+106
2028-11-16,1.0928535394593438e+97,2.0555065378442092e+97,7.503703051813743e+96,1.3145031397435434e+97,7.951109770045507e+105
2024-06-10,1.3145031397435434e+97,1.785396706750541e+97,9.779208441147061e+96,1.4497706143853382e+97,4.61292492682045e+106
2024-06-11,1.4497706143853382e+97,2.9849160180763602e+97,4.0979121176521293e+96,1.8610500656384274e+97,2.091897911047815e+106
2033-05-04,1.8610500656384274e+97,2.24492813964901e+97,1.473716167047234e+97,2.005683593718461e+97,2.2101028459855122e+107
2024-06-13,2.005683593718461e+97,3.151419413878537e+97,1.2186772575658708e+97,2.2687744557612334e+97,8.7538959489008e+106
2033-05-10,2.2687744557612334e+97,4.2776802857756e+97,1.1124047790157124e+97,2.826873896641962e+97,8.754501463608766e+106
2024-06-15,2.826873896641962e+97,3.7423808817970374e+97,2.362458467611917e+97,3.0874143399641013e+97,3.605517803719694e+106
2033-05-16,3.0874143399641013e+97,5.985618504666837e+97,1.6258113537690445e+97,3.91922440534027e+97,7.771107200855566e+106
2024-06-17,3.91922440534027e+97,5.231451317140367e+97,2.7047396131826297e+97,4.398587791873651e+97,1.582058163863826e+107
2024-06-18,4.398587791873651e+97,7.655954367818752e+97,2.7230987783035785e+97,5.324866763109342e+97,6.2285121288498105e+106
2033-05-25,5.324866763109342e+97,1.0916333755199744e+98,2.5016246861161557e+97,7.104767206139565e+97,8.337022825309594e+106
2024-06-20,7.104767206139565e+97,8.660015818617697e+97,5.666957410689991e+97,7.586543549642999e+97,1.4442731021205402e+107
2028-12-10,7.586543549642999e+97,1.719199056833483e+98,3.669712942369945e+97,1.00297610145512e+98,2.2510093202000485e+107
2024-06-22,1.00297610145512e+98,1.711056546964352e+98,4.947257757541713e+97,1.2011624360011459e+98,2.436564186309883e+107
2033-06-06,1.2011624360011459e+98,2.1234378822132368e+98,7.285617126767346e+97,1.4416141234654362e+98,1.2657297962802651e+107
2033-06-09,1.4416141234654362e+98,1.944977423831289e+98,1.12279033891201e+98,1.6276215444651066e+98,8.193161189753223e+106
2028-12-18,1.6276215444651066e+98,2.1588254604827585e+98,1.3534845343787769e+98,1.774198481886301e+98,6.065498033872202e+107
2033-06-15,1.774198481886301e+98,3.301230307477221e+98,7.506023889655519e+97,2.166992497880943e+98,2.3643384721926614e+107
2028-12-22,2.166992497880943e+98,2.760733043566003e+98,1.6531124904042022e+98,2.352914202317105e+98,2.0064886445631665e+108
2028-12-24,2.352914202317105e+98,2.5396855501039408e+98,2.228483491212732e+98,2.4193232129669467e+98,7.510919022875967e+108
2033-06-24,2.4193232129669467e+98,2.730469758922473e+98,2.2194654385788385e+98,2.5155475824478124e+98,4.0297818623681373e+108
2033-06-27,2.5155475824478124e+98,3.1332229629823687e+98,2.23496416000106e+98,2.666435967169696e+98,3.656311286892193e+108
2028-12-30,2.666435967169696e+98,3.7613309461002627e+98,2.0513949640585902e+98,2.933079216698061e+98,1.7864887494151197e+108
2024-07-02,2.933079216698061e+98,3.7288978029111606e+98,2.3371157213811385e+98,3.199106870986519e+98,3.2094924690279774e+108
2033-07-06,3.199106870986519e+98,3.2137727985515796e+98,3.1878913206402127e+98,3.204569615487427e+98,1.4197954935391788e+110
2033-07-09,3.204569615487427e+98,4.7363866965210204e+98,2.3763921649191e+98,3.645288814389518e+98,1.1906981750865962e+108
2029-01-07,3.645288814389518e+98,4.1562023929319054e+98,3.166344191492204e+98,3.84011639260496e+98,4.6301750815736914e+108
2029-01-09,3.84011639260496e+98,4.1670057167305664e+98,3.6620184719666604e+98,3.9251268669338987e+98,3.578617711440657e+107
2024-07-07,3.9251268669338987e+98,7.551546315994963e+98,2.4305386175558956e+98,4.801861754056511e+98,1.1836857692609956e+108
2029-01-13,4.801861754056511e+98,6.458735548725716e+98,3.9317778821733466e+98,5.2687851209402983e+98,4.6939034441826923e+108
2024-07-09,5.2687851209402983e+98,7.715925880350097e+98,3.9268814956136016e+98,5.9681621221056e+98,6.737933834474335e+107
2024-07-10,5.9681621221056e+98,7.45538349132711e+98,4.597580562445576e+98,6.492852974599729e+98,1.200006070217302e+108
2033-07-30,6.492852974599729e+98,8.917997351020364e+98,4.927801410202221e+98,7.11487407617121e+98,1.097685287667106e+108
2029-01-21,7.11487407617121e+98,1.303378509151777e+99,4.007766509467374e+98,8.466702477910574e+98,1.6762523181837583e+108
2024-07-13,8.466702477910574e+98,1.819022966976588e+99,2.54730670056059e+98,1.064513918202521e+99,2.121169363768531e+108
2033-08-08,1.064513918202521e+99,1.5388064441364986e+99,7.963184675720769e+98,1.1883356743235172e+99,5.51141712187987e+108
2024-07-15,1.1883356743235172e+99,1.6709841391636403e+99,8.630643568997001e+98,1.3110484793196068e+99,1.069677581788049e+109
2029-01-29,1.3110484793196068e+99,1.9950702413292771e+99,9.353483288202923e+98,1.5547064272351575e+99,1.7222744074599117e+107
2024-07-17,1.5547064272351575e+99,2.187697869282424e+99,1.2883985354783966e+99,1.7216960398918842e+99,1.3883449812187277e+109
2024-07-18,1.7216960398918842e+99,2.707762675995451e+99,1.160849355922853e+99,2.042075345604356e+99,3.9000484105439925e+108
2024-07-19,2.042075345604356e+99,2.1385023950526446e+99,1.9376399705852154e+99,2.0066689576500996e+99,7.4260827176779e+109
2033-08-26,2.0066689576500996e+99,3.4410204918879365e+99,1.4564538268840405e+99,2.333943039300767e+99,2.727044835846171e+108
2029-02-08,2.333943039300767e+99,4.2836946225902267e+99,1.4769419973578575e+99,2.8968367174109743e+99,6.362367262359521e+108
2024-07-22,2.8968367174109743e+99,3.413259858401286e+99,2.3769385982051335e+99,3.087791282533596e+99,2.8716227770640595e+109
2029-02-12,3.087791282533596e+99,4.863161170783578e+99,1.3435547938099183e+99,3.704523695125044e+99,6.446447292765847e+108
2033-09-07,3.704523695125044e+99,4.909342698996721e+99,2.1348476129039735e+99,3.235502919282039e+99,2.7006926361839416e+109
2033-09-10,3.235502919282039e+99,4.484553481551047e+99,2.0056749194689704e+99,3.654017880439451e+99,1.5104799367704285e+109
2033-09-13,3.654017880439451e+99,4.979446110158146e+99,2.8547893467595965e+99,3.968602810880228e+99,1.4376463304135e+109
2033-09-16,3.968602810880228e+99,4.034899006543744e+99,3.9226819902916314e+99,3.9867430248623623e+99,8.493346981782544e+110
2033-09-19,3.9867430248623623e+99,4.633043701264333e+99,3.5506753484177885e+99,4.170153128218648e+99,3.367111956955758e+109
2033-09-22,4.170153128218648e+99,6.336707731859222e+99,2.9350581382671303e+99,4.717835502842466e+99,2.246738523458007e+109
2024-07-30,4.717835502842466e+99,7.463127961705173e+99,3.4454679738562593e+99,5.365920392677429e+99,2.5433069855179577e+109
2024-07-31,5.365920392677429e+99,1.0690317424748223e+100,3.2644153333355804e+99,6.68771768456178e+99,8.294608427722928e+108
2029-03-02,6.68771768456178e+99,1.072743375619208e+100,4.738880998178956e+99,7.737117789091647e+99,3.1029812446623184e+109
2029-03-04,7.737117789091647e+99,1.4659724114043017e+100,4.427543152161215e+99,9.397688228601215e+99,1.028659529469912e+109
2033-10-07,9.397688228601215e+99,1.487161551983464e+100,6.544739047410096e+99,1.074193516580047e+100,5.351784098905453e+109
2024-08-04,1.074193516580047e+100,1.4473782473095978e+100,7.564944030766612e+99,1.1964179341770995e+100,3.2976690581687675e+109
2024-08-05,1.1964179341770995e+100,1.337828760845276e+100,1.0387919884268833e+100,1.139797187246068e+100,1.7455771024388815e+110
2033-10-16,1.139797187246068e+100,1.4235562192711846e+100,8.728993469565663e+99,1.2348104536969028e+100,7.195632428477149e+109
2024-08-07,1.2348104536969028e+100,1.8483419610714783e+100,9.970345580103502e+99,1.3829595171382336e+100,2.063974903021213e+109
2033-10-22,1.3829595171382336e+100,2.1897966836883747e+100,8.480610866277953e+99,1.566937043940945e+100,1.3961998897093068e+109
2024-08-09,1.566937043940945e+100,1.599480227678294e+100,1.53502889844801e+100,1.55570642311802e+100,1.9104058006010944e+110
2033-10-28,1.55570642311802e+100,1.73408919594339e+100,1.46066766173475e+100,1.6101312778931432e+100,9.14110124901278e+109
2029-03-22,1.6101312778931432e+100,2.4017280071675005e+100,1.0764373351524606e+100,1.85580071031825e+100,6.745911636078808e+109
2029-03-24,1.85580071031825e+100,3.3338573690443346e+100,1.0938602583445267e+100,2.198745854250036e+100,9.555385329183818e+109
2029-03-26,2.198745854250036e+100,2.8355887421549662e+100,1.7693843641483066e+100,2.3889022411857482e+100,1.8751999789901196e+110
2024-08-14,2.3889022411857482e+100,3.980544946720704e+100,1.3610257653437022e+100,2.770964462879022e+100,4.423281431752649e+108
2029-03-30,2.770964462879022e+100,3.8930524409674825e+100,2.242278776791306e+100,3.0420370452174298e+100,1.5347439241154785e+110
2033-11-15,3.0420370452174298e+100,4.807343575183404e+100,2.2031542100557753e+100,3.4868464825084573e+100,9.757565595396267e+109
2029-04-03,3.4868464825084573e+100,4.795524539434963e+100,2.7308939448202686e+100,3.8648508730444795e+100,2.3084510684912462e+110
2024-08-18,3.8648508730444795e+100,6.8070269783500904e+100,2.198460749920969e+100,4.79869640255961e+100,3.6318652237441526e+108
2033-11-24,4.79869640255961e+100,6.840784636371866e+100,3.512815931038473e+100,5.404178418039254e+100,1.523940861570194e+110
2033-11-27,5.404178418039254e+100,6.304972583181286e+100,4.768883799025317e+100,5.6885122297019375e+100,6.621355582749163e+110
2033-11-30,5.6885122297019375e+100,1.3954162833132863e+101,2.8308963941926802e+100,7.382701050007992e+100,1.7816728628355742e+110
2024-08-22,7.382701050007992e+100,1.2536118435275014e+101,3.8957149669352225e+100,9.001207430405838e+100,8.846792988493749e+109
2033-12-06,9.001207430405838e+100,1.1073020638013159e+101,7.823025974704985e+100,9.575294168454941e+100,9.473816316197614e+109
2029-04-17,9.575294168454941e+100,2.0736052055747015e+101,3.2845372100758047e+100,1.1991566831518108e+101,9.483650768629314e+109
2024-08-25,1.1991566831518108e+101,2.2738648801242268e+101,7.96537493136397e+100,1.4601935968934648e+101,3.6854312404621786e+110
2024-08-26,1.4601935968934648e+101,1.9483635229029425e+101,1.1159822767699041e+101,1.6178568204475733e+101,9.25356281225049e+110
2029-04-23,1.6178568204475733e+101,2.832391552892397e+101,1.0843453389920699e+101,1.9240957778466546e+101,1.0732047355714106e+110
2024-08-28,1.9240957778466546e+101,3.878116353754289e+101,5.471896863295033e+100,2.4029656226383973e+101,3.1209308513771785e+110
2033-12-24,2.4029656226383973e+101,4.6721656555091606e+101,9.744782867875796e+100,2.910599823109941e+101,1.9810984200424854e+110
2029-04-29,2.910599823109941e+101,4.7174649573271685e+101,1.821091675756927e+101,3.468369636962414e+101,1.4702402476051265e+111
2033-12-30,3.468369636962414e+101,6.99322794895892e+101,1.2759764011697452e+101,4.302393587444472e+101,1.3342901906888885e+111
2024-09-01,4.302393587444472e+101,6.297205209510811e+101,2.6949853778495422e+101,4.9838113056446504e+101,2.171986672937114e+111
2024-09-02,4.9838113056446504e+101,8.94902327361391e+101,2.5357330077401426e+101,5.944401980767223e+101,4.229262784026011e+109
2024-09-03,5.944401980767223e+101,1.1817644013823317e+102,3.9132627928573105e+101,7.296360601133808e+101,2.0685493614771665e+110
2034-01-11,7.296360601133808e+101,1.1020591052398116e+102,4.827023022719862e+101,8.446802979434251e+101,8.544115535949247e+110
2024-09-05,8.446802979434251e+101,1.6108159043937182e+102,5.104263719310971e+101,1.0306837472159299e+102,7.294460044986695e+110
2024-09-06,1.0306837472159299e+102,1.39976413322703e+102,8.346942014615296e+101,1.154066098527193e+102,1.6436469225774962e+111
2024-09-07,1.154066098527193e+102,1.997186233128016e+102,4.264602437825502e+101,1.4090613048729402e+102,2.1660479972750582e+111
2034-01-23,1.4090613048729402e+102,2.6200276516260135e+102,9.16754290796677e+101,1.7130080512821212e+102,6.19583127250101e+110
2024-09-09,1.7130080512821212e+102,2.761684565500701e+102,1.0680280520747326e+102,2.0333791362952607e+102,5.402102919479266e+111
2029-05-21,2.0333791362952607e+102,2.705267810314539e+102,1.5607180020974783e+102,2.282263279551715e+102,1.5876092917180275e+112
2034-02-01,2.282263279551715e+102,4.066127661905602e+102,9.026172296336673e+101,2.7450099679522577e+102,1.1917225556794777e+111
2034-02-04,2.7450099679522577e+102,4.88707804012311e+102,1.0656890137292201e+102,3.315608478138205e+102,3.607464370128882e+111
2029-05-27,3.315608478138205e+102,5.144311666511302e+102,2.283339847953816e+102,3.8303157794997537e+102,9.294246980335277e+111
2029-05-29,3.8303157794997537e+102,6.112971875077796e+102,2.554312385014909e+102,4.516562123579212e+102,7.858920043963997e+111
2029-05-31,4.516562123579212e+102,6.950090579574529e+102,3.3800634505045485e+102,5.233206098071274e+102,1.0317710124831976e+112
2029-06-02,5.233206098071274e+102,9.716473638167858e+102,3.069779053654623e+102,6.262080472662654e+102,2.2280940584054626e+112
2024-09-17,6.262080472662654e+102,9.68372601138022e+102,4.2292304008483844e+102,7.468991125082015e+102,1.7393144629563514e+112
2034-02-22,7.468991125082015e+102,1.2769863959980886e+103,3.7513932192344246e+102,8.938817245898319e+102,3.3063827660551542e+112
2034-02-25,8.938817245898319e+102,1.3986814347820487e+103,6.342954361045732e+102,1.0395610211077891e+103,5.409784192058049e+112
2029-06-10,1.0395610211077891e+103,1.7691921916229254e+103,3.6730894724612286e+102,1.287502219061071e+103,1.4482460132599379e+112
2029-06-12,1.287502219061071e+103,2.1289682005252952e+103,7.065367350486498e+102,1.5483987450258734e+103,4.713265183747363e+112
2024-09-22,1.5483987450258734e+103,2.4627405735129372e+103,1.0787937641941924e+103,1.7604882638918367e+103,7.480731221539253e+112
2034-03-09,1.7604882638918367e+103,4.089545996451028e+103,4.62471775231726e+102,2.2594535128388396e+103,1.8691893180653755e+112
2024-09-24,2.2594535128388396e+103,4.0008513127238885e+103,1.1794380393005763e+103,2.662851836330762e+103,9.105481370260644e+112
2024-09-25,2.662851836330762e+103,3.5144976821761884e+103,1.8657572674523353e+103,2.9585944006182784e+103,7.392694263813651e+112
2034-03-18,2.9585944006182784e+103,6.779852272164289e+103,1.8869963040694335e+102,3.932327875950982e+103,8.589379182016498e+112
2029-06-24,3.932327875950982e+103,7.0393613678600774e+103,2.482182699771655e+103,4.711409343992478e+103,4.357118730051511e+112
2034-03-24,4.711409343992478e+103,8.898684389332902e+103,3.2972888581634334e+103,5.627389754853246e+103,2.2530176913009004e+113
2029-06-28,5.627389754853246e+103,1.0064914595298654e+104,2.9364181168007293e+103,6.643056476230126e+103,7.114192953630511e+112
2029-06-30,6.643056476230126e+103,1.0346186931594121e+104,4.250785264241345e+103,7.600648853647434e+103,4.255947468163989e+113
2034-04-02,7.600648853647434e+103,1.0599342189162415e+104,6.32769520791754e+103,8.37889836617255e+103,5.158031399201427e+113
2024-10-02,8.37889836617255e+103,1.7327597983445263e+104,2.911718411941492e+103,1.0595940018351836e+104,1.2135874388225263e+113
2034-04-08,1.0595940018351836e+104,1.7717135684607978e+104,6.044488767432066e+103,1.2354926355632567e+104,4.1959789663937235e+113
2034-04-11,1.2354926355632567e+104,2.2318558358036573e+104,6.655873884096564e+103,1.537246791293313e+104,1.5077890200894147e+113
2024-10-05,1.537246791293313e+104,2.3920534237456088e+104,7.787657322092943e+103,1.8277555213175763e+104,7.628797382866384e+113
2034-04-17,1.8277555213175763e+104,3.275119502926167e+104,9.139373743820567e+103,2.2916088415076953e+104,2.7828190373157298e+113
2034-04-20,2.2916088415076953e+104,3.436012819076866e+104,1.6342793554856853e+104,2.704289766000708e+104,6.874782384904176e+113
2029-07-16,2.704289766000708e+104,4.9942911689022535e+104,1.073714803217136e+104,3.351612204072e+104,9.022250965825192e+113
2034-04-26,3.351612204072e+104,5.977786015333046e+104,1.779557630581654e+104,4.010433052132781e+104,1.9696887832033397e+113
2024-10-10,4.010433052132781e+104,5.83450333079541e+104,2.2260729907288888e+104,4.62270313957123e+104,2.2035400811288656e+114
2029-07-22,4.62270313957123e+104,8.082922504749505e+104,3.1310020845608346e+104,5.489397746820538e+104,7.164074503384566e+113
2034-05-05,5.489397746820538e+104,8.924447447955829e+104,3.408102741539749e+104,6.357211301307645e+104,1.0965755320502635e+114
2034-05-08,6.357211301307645e+104,8.719754083006779e+104,3.917954476140923e+104,7.171580108819373e+104,3.52077497467337e+114
2029-07-28,7.171580108819373e+104,1.1265396271142749e+105,3.484246945840352e+104,8.421632221782799e+104,2.8069954702717228e+113
2029-07-30,8.421632221782799e+104,1.2818096144092983e+105,4.6817248885306836e+104,9.873939123177583e+104,4.1489972817188787e+114
2024-10-16,9.873939123177583e+104,1.8031513781934452e+105,6.543484082297323e+104,1.175711576391683e+105,2.5504119803245767e+114
2029-08-03,1.175711576391683e+105,1.8810945721596725e+105,5.942331423476886e+104,1.3892926738109794e+105,5.910574513934697e+114
2024-10-18,1.3892926738109794e+105,2.6211724905869255e+105,5.066096384644103e+104,1.7400023809846667e+105,5.450737008918086e+114
2029-08-07,1.7400023809846667e+105,2.9264600503496276e+105,9.61747991117924e+104,2.0795894804424957e+105,2.587379206344865e+114
2034-05-29,2.0795894804424957e+105,4.206217159553679e+105,1.1881637065127514e+105,2.621167218894592e+105,2.6366408091682454e+114
2034-06-01,2.621167218894592e+105,4.505349700460787e+105,1.923444524886639e+105,3.0624329238217106e+105,1.456154842242033e+115
2029-08-13,3.0624329238217106e+105,4.659681581651289e+105,1.7092313582698382e+105,3.5943657270287457e+105,5.257041920184444e+114
2024-10-23,3.5943657270287457e+105,5.954343186185821e+105,1.5910143640424397e+105,4.3345554494937525e+105,3.555407194321462e+114
2034-06-10,4.3345554494937525e+105,9.049526033677525e+105,1.3710958246539172e+105,5.511710183126856e+105,1.5778869758852208e+115
2024-10-25,5.511710183126856e+105,9.475004178092606e+105,2.1345641393578098e+105,6.647247620564609e+105,1.8262906746441784e+115
2024-10-26,6.647247620564609e+105,1.3389087607917922e+106,4.0608794464302185e+105,8.108927334275909e+105,1.8726410450419882e+114
2034-06-19,8.108927334275909e+105,1.430160071739489e+106,4.3649465602608234e+105,9.675388425672258e+105,4.071854381989693e+115
2034-06-22,9.675388425672258e+105,1.5374672074148593e+106,5.704658557773218e+105,1.1570754556544565e+106,1.5294406102559218e+115
2034-06-25,1.1570754556544565e+106,2.017567245644753e+106,6.749249672707089e+105,1.3515540669757418e+106,2.627122250900449e+115
2034-06-28,1.3515540669757418e+106,2.459693873193133e+106,5.592752577778175e+105,1.7124171781039003e+106,4.150928026926253e+115
2029-08-31,1.7124171781039003e+106,2.8322865643946563e+106,8.690306593203155e+105,2.0525207460544983e+106,3.2216083869164634e+115
2024-11-01,2.0525207460544983e+106,3.851225601675461e+106,7.656572853678001e+105,2.5020458500686184e+106,2.180674451345246e+115
2034-07-07,2.5020458500686184e+106,4.611516398195877e+106,1.2172494651542033e+106,3.046694378520261e+106,3.2296933152737696e+115
2034-07-10,3.046694378520261e+106,5.817233712086727e+106,7.381445552942496e+105,3.816228611988884e+106,8.512475445856096e+115
2029-09-08,3.816228611988884e+106,7.370487458492915e+106,2.319989559985509e+106,4.7235010076115885e+106,1.1696071488573743e+115
2034-07-16,4.7235010076115885e+106,7.967128610343829e+106,2.106280542313465e+106,5.844803180956516e+106,1.0765764282590036e+116
2034-07-19,5.844803180956516e+106,1.2177518845156439e+107,2.1065985062492005e+106,7.485552814796007e+106,1.226083605108667e+116
2034-07-22,7.485552814796007e+106,1.493489092648402e+107,4.308404112457071e+106,9.239724812356752e+106,2.1146150303988967e+116
2024-11-08,9.239724812356752e+106,1.3374921186501212e+107,5.968723669220256e+106,1.0603406804852258e+107,1.1778280920565098e+116
2034-07-28,1.0603406804852258e+107,1.5594552333639035e+107,6.4202776119373985e+106,1.2373952410381431e+107,4.166420480646678e+116
2024-11-10,1.2373952410381431e+107,2.2604508353637074e+107,4.989213037820157e+106,1.5033035453099713e+107,2.5713268276934463e+115
2024-11-11,1.5033035453099713e+107,2.3878918279818216e+107,9.910940052458457e+106,1.743261880023151e+107,8.907296416567371e+116
2024-11-12,1.743261880023151e+107,2.8687090396331003e+107,1.199013547850085e+107,2.090082681113252e+107,8.292124019009987e+116
2029-09-26,2.090082681113252e+107,3.464979595089155e+107,1.1646460879950169e+107,2.4540477479659997e+107,6.330528408943138e+116
2029-09-28,2.4540477479659997e+107,3.9285891984064536e+107,1.5727372955807258e+107,2.8429952234057702e+107,1.0700034142754394e+117
2034-08-15,2.8429952234057702e+107,4.750337408584295e+107,1.666414290952833e+107,3.446505047329937e+107,1.1173544279373229e+117
2024-11-16,3.446505047329937e+107,5.665623050621696e+107,2.3839255732670593e+107,4.029040436781328e+107,7.452339246646217e+116
2024-11-17,4.029040436781328e+107,6.945485412631452e+107,2.566562507979563e+107,4.802424312284266e+107,1.371202781138757e+117
2024-11-18,4.802424312284266e+107,7.289175261046721e+107,3.620326076686176e+107,5.529922604480914e+107,8.294481359473898e+116
2029-10-08,5.529922604480914e+107,9.428248767664577e+107,2.5549774411278532e+107,6.746991502106188e+107,6.952500567138967e+116
2034-08-30,6.746991502106188e+107,1.1878038815863632e+108,4.467017071767298e+107,8.021474150735737e+107,1.3516412615305877e+117
2034-09-02,8.021474150735737e+107,1.205841341081054e+108,4.387750278583412e+107,9.351362928467812e+107,1.5637237115082316e+117
2029-10-14,9.351362928467812e+107,1.4231884451073668e+108,5.1064207791133154e+107,1.0792267168388202e+108,1.5477241536409792e+117
2029-10-16,1.0792267168388202e+108,1.949593467839163e+108,7.143148661381898e+107,1.3074479572068353e+108,3.2855184008641295e+117
2029-10-18,1.3074479572068353e+108,2.549909572584081e+108,5.665060222879111e+107,1.5852553695899969e+108,9.52932233585444e+116
2024-11-25,1.5852553695899969e+108,2.9918896368014656e+108,1.018287448600816e+108,1.8945097516361046e+108,7.738208737710022e+117
2024-11-26,1.8945097516361046e+108,3.1980471222824753e+108,8.213241708915388e+107,2.3084689630902094e+108,2.7180134349059814e+117
2029-10-24,2.3084689630902094e+108,4.4172173867320654e+108,1.2711664652599518e+108,2.847889217289802e+108,2.7498043897752614e+117
2024-11-28,2.847889217289802e+108,5.709314912013119e+108,1.726867359617666e+108,3.4862403206258184e+108,1.203253898910147e+118
2029-10-28,3.4862403206258184e+108,6.86460518851256e+108,1.2808024279736356e+108,4.3082076544514425e+108,8.223485177425363e+117
2029-10-30,4.3082076544514425e+108,8.864492550397252e+108,2.294758330604389e+108,5.498640999220142e+108,3.025141779198314e+116
2034-10-02,5.498640999220142e+108,8.665343522745583e+108,3.048361134067602e+108,6.540718560774803e+108,7.970092225758382e+117
2034-10-05,6.540718560774803e+108,1.0006209249873017e+109,4.6671437006631406e+108,7.452333544830893e+108,3.659286866873446e+118
2034-10-08,7.452333544830893e+108,1.0756556217332892e+109,4.207607673538376e+108,8.541398182725711e+108,4.082100396486993e+118
2034-10-11,8.541398182725711e+108,1.2796631154530408e+109,4.6805555428316635e+108,9.859575780616626e+108,2.9078014690562294e+118
2034-10-14,9.859575780616626e+108,1.854465888889077e+109,2.857410142659075e+108,1.2372120304054678e+109,3.6677684796918323e+118
2029-11-11,1.2372120304054678e+109,1.8677692793942743e+109,8.003096532393824e+108,1.395059988532001e+109,6.190054850834262e+118
2024-12-07,1.395059988532001e+109,2.127126381814173e+109,1.01417071113295e+109,1.6351994040545035e+109,6.045702895187657e+118
2034-10-23,1.6351994040545035e+109,2.0855242999139755e+109,1.336489674727107e+109,1.7453219792548573e+109,4.99889093500997e+117
2029-11-17,1.7453219792548573e+109,2.414694553001213e+109,1.2316879756345397e+109,1.973938269333664e+109,9.170714858811403e+118
2034-10-29,1.973938269333664e+109,2.589309317435173e+109,1.5869762825509714e+109,2.125877370530313e+109,1.0550657777941845e+119
2034-11-01,2.125877370530313e+109,3.4048933434442323e+109,1.1605095801484774e+109,2.577518108900549e+109,5.393332906258057e+118
2029-11-23,2.577518108900549e+109,4.902081289089261e+109,7.762855519444962e+108,3.2680490685670955e+109,9.153033438175789e+118
2034-11-07,3.2680490685670955e+109,5.340634313936953e+109,2.2476143629812714e+109,3.850223631348205e+109,1.7077301578531106e+119
2034-11-10,3.850223631348205e+109,6.706632616796901e+109,2.6913269452530026e+109,4.507857658939925e+109,8.416648353500246e+118
2024-12-15,4.507857658939925e+109,5.408748203560938e+109,3.9370216449270095e+109,4.783804861478855e+109,2.7950164918751384e+119
2024-12-16,4.783804861478855e+109,7.4940864354236686e+109,2.744146286067233e+109,5.593644780229965e+109,2.3550817741054937e+119
2024-12-17,5.593644780229965e+109,8.577302871554143e+109,4.197235384358023e+109,6.522509008738533e+109,2.1385465161569487e+119
2029-12-05,6.522509008738533e+109,1.1543343136200304e+110,3.5059954742813566e+109,8.063724909851976e+109,2.5775708709562483e+119
2034-11-25,8.063724909851976e+109,1.0665412793526023e+110,6.2754299766225056e+109,8.693685522650996e+109,8.772222155990145e+119
2024-12-20,8.693685522650996e+109,1.367533323303756e+110,5.120532423556361e+109,1.016818720305545e+110,1.7185115717269e+119
2029-12-11,1.016818720305545e+110,1.929644299520431e+110,5.534912515891363e+109,1.2371254098690355e+110,8.81133148808956e+117
2029-12-13,1.2371254098690355e+110,2.207925484416675e+110,8.115042200374893e+109,1.4987055777245684e+110,3.0376431802827407e+119
2024-12-23,1.4987055777245684e+110,1.857963952604515e+110,1.1384925717834203e+110,1.6344213813348944e+110,4.2638743541557204e+119
2029-12-17,1.6344213813348944e+110,3.043586337477402e+110,8.704836830573901e+109,2.0263999060048454e+110,2.9581052097522896e+119
2024-12-25,2.0263999060048454e+110,3.3268089845713697e+110,1.2950521931685743e+110,2.3207735907034573e+110,6.206908732121107e+119
2024-12-26,2.3207735907034573e+110,3.686377307389514e+110,1.4526975964508427e+110,2.7243533747069245e+110,4.879721598960911e+119
2034-12-19,2.7243533747069245e+110,4.232653492267689e+110,1.6220261798537148e+110,3.251324011590093e+110,1.0513840869906708e+120
2024-12-28,3.251324011590093e+110,5.425709464800584e+110,1.995601648583949e+110,3.949534087195716e+110,7.335504653971834e+119
2034-12-25,3.949534087195716e+110,7.029287990857483e+110,2.0841835428194107e+110,4.781035807977617e+110,1.2848956795470661e+120
