2026-06-09 12:21:19,878 - INFO - [1/8] BTC-USD
2026-06-09 12:21:19,878 - INFO - Fetching BTC-USD [ONE_HOUR] 2025-06-09 to 2025-06-21
2026-06-09 12:21:20,011 - WARNING - Request failed (attempt 1/3): HTTP Error 404: Not Found. Retrying in 2s...
2026-06-09 12:21:22,230 - WARNING - Request failed (attempt 2/3): HTTP Error 404: Not Found. Retrying in 4s...
2026-06-09 12:21:26,340 - ERROR - Failed after 3 attempts: HTTP Error 404: Not Found
2026-06-09 12:21:26,341 - WARNING - Continuing fetch from last successful point...
2026-06-09 12:21:26,341 - ERROR - No data fetched. Returning empty list.
2026-06-09 12:21:26,341 - WARNING -   No data for BTC-USD
2026-06-09 12:21:26,341 - INFO - [2/8] ETH-USD
2026-06-09 12:21:26,341 - INFO - Fetching ETH-USD [ONE_HOUR] 2025-06-09 to 2025-06-21
2026-06-09 12:21:26,445 - WARNING - Request failed (attempt 1/3): HTTP Error 404: Not Found. Retrying in 2s...
2026-06-09 12:21:28,630 - WARNING - Request failed (attempt 2/3): HTTP Error 404: Not Found. Retrying in 4s...
2026-06-09 12:21:32,799 - ERROR - Failed after 3 attempts: HTTP Error 404: Not Found
2026-06-09 12:21:32,799 - WARNING - Continuing fetch from last successful point...
2026-06-09 12:21:32,799 - ERROR - No data fetched. Returning empty list.
2026-06-09 12:21:32,799 - WARNING -   No data for ETH-USD
2026-06-09 12:21:32,799 - INFO - [3/8] SOL-USD
2026-06-09 12:21:32,799 - INFO - Fetching SOL-USD [ONE_HOUR] 2025-06-09 to 2025-06-21
2026-06-09 12:21:32,912 - WARNING - Request failed (attempt 1/3): HTTP Error 404: Not Found. Retrying in 2s...
2026-06-09 12:21:35,026 - WARNING - Request failed (attempt 2/3): HTTP Error 404: Not Found. Retrying in 4s...
2026-06-09 12:21:39,161 - ERROR - Failed after 3 attempts: HTTP Error 404: Not Found
2026-06-09 12:21:39,162 - WARNING - Continuing fetch from last successful point...
2026-06-09 12:21:39,162 - ERROR - No data fetched. Returning empty list.
2026-06-09 12:21:39,162 - WARNING -   No data for SOL-USD
2026-06-09 12:21:39,162 - INFO - [4/8] ADA-USD
2026-06-09 12:21:39,162 - INFO - Fetching ADA-USD [ONE_DAY] 2025-06-09 to 2026-06-09
2026-06-09 12:21:39,293 - WARNING - Request failed (attempt 1/3): HTTP Error 404: Not Found. Retrying in 2s...
2026-06-09 12:21:41,405 - WARNING - Request failed (attempt 2/3): HTTP Error 404: Not Found. Retrying in 4s...
2026-06-09 12:21:45,548 - ERROR - Failed after 3 attempts: HTTP Error 404: Not Found
2026-06-09 12:21:45,548 - WARNING - Continuing fetch from last successful point...
2026-06-09 12:21:45,548 - ERROR - No data fetched. Returning empty list.
2026-06-09 12:21:45,548 - WARNING -   No data for ADA-USD
2026-06-09 12:21:45,548 - INFO - [5/8] DOT-USD
2026-06-09 12:21:45,548 - INFO - Fetching DOT-USD [ONE_DAY] 2025-06-09 to 2026-06-09
2026-06-09 12:21:45,702 - WARNING - Request failed (attempt 1/3): HTTP Error 404: Not Found. Retrying in 2s...
2026-06-09 12:21:47,881 - WARNING - Request failed (attempt 2/3): HTTP Error 404: Not Found. Retrying in 4s...
2026-06-09 12:21:51,987 - ERROR - Failed after 3 attempts: HTTP Error 404: Not Found
2026-06-09 12:21:51,987 - WARNING - Continuing fetch from last successful point...
2026-06-09 12:21:51,987 - ERROR - No data fetched. Returning empty list.
2026-06-09 12:21:51,987 - WARNING -   No data for DOT-USD
2026-06-09 12:21:51,987 - INFO - [6/8] MATIC-USD
2026-06-09 12:21:51,987 - INFO - Fetching MATIC-USD [ONE_DAY] 2025-06-09 to 2026-06-09
2026-06-09 12:21:52,095 - WARNING - Request failed (attempt 1/3): HTTP Error 404: Not Found. Retrying in 2s...
2026-06-09 12:21:54,350 - WARNING - Request failed (attempt 2/3): HTTP Error 404: Not Found. Retrying in 4s...
2026-06-09 12:21:58,468 - ERROR - Failed after 3 attempts: HTTP Error 404: Not Found
2026-06-09 12:21:58,468 - WARNING - Continuing fetch from last successful point...
2026-06-09 12:21:58,468 - ERROR - No data fetched. Returning empty list.
2026-06-09 12:21:58,468 - WARNING -   No data for MATIC-USD
2026-06-09 12:21:58,468 - INFO - [7/8] AVAX-USD
2026-06-09 12:21:58,468 - INFO - Fetching AVAX-USD [ONE_HOUR] 2025-06-09 to 2025-06-21
2026-06-09 12:21:58,561 - WARNING - Request failed (attempt 1/3): HTTP Error 404: Not Found. Retrying in 2s...
2026-06-09 12:22:00,841 - WARNING - Request failed (attempt 2/3): HTTP Error 404: Not Found. Retrying in 4s...
2026-06-09 12:22:04,977 - ERROR - Failed after 3 attempts: HTTP Error 404: Not Found
2026-06-09 12:22:04,977 - WARNING - Continuing fetch from last successful point...
2026-06-09 12:22:04,977 - ERROR - No data fetched. Returning empty list.
2026-06-09 12:22:04,977 - WARNING -   No data for AVAX-USD
2026-06-09 12:22:04,977 - INFO - [8/8] LINK-USD
2026-06-09 12:22:04,977 - INFO - Fetching LINK-USD [ONE_HOUR] 2025-06-09 to 2025-06-21
2026-06-09 12:22:05,087 - WARNING - Request failed (attempt 1/3): HTTP Error 404: Not Found. Retrying in 2s...
2026-06-09 12:22:07,206 - WARNING - Request failed (attempt 2/3): HTTP Error 404: Not Found. Retrying in 4s...
2026-06-09 12:22:11,339 - ERROR - Failed after 3 attempts: HTTP Error 404: Not Found
2026-06-09 12:22:11,339 - WARNING - Continuing fetch from last successful point...
2026-06-09 12:22:11,339 - ERROR - No data fetched. Returning empty list.
2026-06-09 12:22:11,339 - WARNING -   No data for LINK-USD
2026-06-09 12:24:19,611 - INFO - [1/8] BTC-USD
2026-06-09 12:24:19,611 - INFO - Fetching BTC-USD [ONE_HOUR] 2025-06-09 to 2025-06-21
2026-06-09 12:24:19,949 - WARNING - Request failed (attempt 1/3): HTTP Error 400: Bad Request. Retrying in 2s...
2026-06-09 12:24:22,078 - WARNING - Request failed (attempt 2/3): HTTP Error 400: Bad Request. Retrying in 4s...
2026-06-09 12:24:26,246 - ERROR - Failed after 3 attempts: HTTP Error 400: Bad Request
2026-06-09 12:24:26,246 - WARNING - Continuing fetch from last successful point...
2026-06-09 12:24:26,255 - ERROR - No data fetched. Returning empty list.
2026-06-09 12:24:26,255 - WARNING -   No data for BTC-USD
2026-06-09 12:24:26,255 - INFO - [2/8] ETH-USD
2026-06-09 12:24:26,255 - INFO - Fetching ETH-USD [ONE_HOUR] 2025-06-09 to 2025-06-21
2026-06-09 12:24:26,438 - WARNING - Request failed (attempt 1/3): HTTP Error 400: Bad Request. Retrying in 2s...
2026-06-09 12:24:28,588 - WARNING - Request failed (attempt 2/3): HTTP Error 400: Bad Request. Retrying in 4s...
2026-06-09 12:24:32,712 - ERROR - Failed after 3 attempts: HTTP Error 400: Bad Request
2026-06-09 12:24:32,712 - WARNING - Continuing fetch from last successful point...
2026-06-09 12:24:32,712 - ERROR - No data fetched. Returning empty list.
2026-06-09 12:24:32,712 - WARNING -   No data for ETH-USD
2026-06-09 12:24:32,712 - INFO - [3/8] SOL-USD
2026-06-09 12:24:32,712 - INFO - Fetching SOL-USD [ONE_HOUR] 2025-06-09 to 2025-06-21
2026-06-09 12:24:32,854 - WARNING - Request failed (attempt 1/3): HTTP Error 400: Bad Request. Retrying in 2s...
2026-06-09 12:24:34,959 - WARNING - Request failed (attempt 2/3): HTTP Error 400: Bad Request. Retrying in 4s...
2026-06-09 12:24:39,060 - ERROR - Failed after 3 attempts: HTTP Error 400: Bad Request
2026-06-09 12:24:39,061 - WARNING - Continuing fetch from last successful point...
2026-06-09 12:24:39,061 - ERROR - No data fetched. Returning empty list.
2026-06-09 12:24:39,061 - WARNING -   No data for SOL-USD
2026-06-09 12:24:39,061 - INFO - [4/8] ADA-USD
2026-06-09 12:24:39,061 - INFO - Fetching ADA-USD [ONE_DAY] 2025-06-09 to 2026-06-09
2026-06-09 12:24:39,272 - WARNING - Request failed (attempt 1/3): HTTP Error 400: Bad Request. Retrying in 2s...
2026-06-09 12:24:41,427 - WARNING - Request failed (attempt 2/3): HTTP Error 400: Bad Request. Retrying in 4s...
2026-06-09 12:24:45,561 - ERROR - Failed after 3 attempts: HTTP Error 400: Bad Request
2026-06-09 12:24:45,561 - WARNING - Continuing fetch from last successful point...
2026-06-09 12:24:45,561 - ERROR - No data fetched. Returning empty list.
2026-06-09 12:24:45,561 - WARNING -   No data for ADA-USD
2026-06-09 12:24:45,561 - INFO - [5/8] DOT-USD
2026-06-09 12:24:45,561 - INFO - Fetching DOT-USD [ONE_DAY] 2025-06-09 to 2026-06-09
2026-06-09 12:24:45,695 - WARNING - Request failed (attempt 1/3): HTTP Error 400: Bad Request. Retrying in 2s...
2026-06-09 12:24:47,797 - WARNING - Request failed (attempt 2/3): HTTP Error 400: Bad Request. Retrying in 4s...
2026-06-09 12:24:51,908 - ERROR - Failed after 3 attempts: HTTP Error 400: Bad Request
2026-06-09 12:24:51,908 - WARNING - Continuing fetch from last successful point...
2026-06-09 12:24:51,908 - ERROR - No data fetched. Returning empty list.
2026-06-09 12:24:51,908 - WARNING -   No data for DOT-USD
2026-06-09 12:24:51,908 - INFO - [6/8] MATIC-USD
2026-06-09 12:24:51,908 - INFO - Fetching MATIC-USD [ONE_DAY] 2025-06-09 to 2026-06-09
2026-06-09 12:24:52,069 - WARNING - Request failed (attempt 1/3): HTTP Error 400: Bad Request. Retrying in 2s...
2026-06-09 12:24:54,216 - WARNING - Request failed (attempt 2/3): HTTP Error 400: Bad Request. Retrying in 4s...
2026-06-09 12:24:58,344 - ERROR - Failed after 3 attempts: HTTP Error 400: Bad Request
2026-06-09 12:24:58,344 - WARNING - Continuing fetch from last successful point...
2026-06-09 12:24:58,344 - ERROR - No data fetched. Returning empty list.
2026-06-09 12:24:58,344 - WARNING -   No data for MATIC-USD
2026-06-09 12:24:58,344 - INFO - [7/8] AVAX-USD
2026-06-09 12:24:58,344 - INFO - Fetching AVAX-USD [ONE_HOUR] 2025-06-09 to 2025-06-21
2026-06-09 12:24:58,463 - WARNING - Request failed (attempt 1/3): HTTP Error 400: Bad Request. Retrying in 2s...
2026-06-09 12:25:00,586 - WARNING - Request failed (attempt 2/3): HTTP Error 400: Bad Request. Retrying in 4s...
2026-06-09 12:25:04,737 - ERROR - Failed after 3 attempts: HTTP Error 400: Bad Request
2026-06-09 12:25:04,738 - WARNING - Continuing fetch from last successful point...
2026-06-09 12:25:04,738 - ERROR - No data fetched. Returning empty list.
2026-06-09 12:25:04,738 - WARNING -   No data for AVAX-USD
2026-06-09 12:25:04,738 - INFO - [8/8] LINK-USD
2026-06-09 12:25:04,738 - INFO - Fetching LINK-USD [ONE_HOUR] 2025-06-09 to 2025-06-21
2026-06-09 12:25:04,874 - WARNING - Request failed (attempt 1/3): HTTP Error 400: Bad Request. Retrying in 2s...
2026-06-09 12:25:06,990 - WARNING - Request failed (attempt 2/3): HTTP Error 400: Bad Request. Retrying in 4s...
2026-06-09 12:25:11,145 - ERROR - Failed after 3 attempts: HTTP Error 400: Bad Request
2026-06-09 12:25:11,145 - WARNING - Continuing fetch from last successful point...
2026-06-09 12:25:11,145 - ERROR - No data fetched. Returning empty list.
2026-06-09 12:25:11,145 - WARNING -   No data for LINK-USD
2026-06-11 13:31:58,878 - INFO - [1/8] BTC-USD
2026-06-11 13:31:58,878 - INFO - Fetching BTC-USD [ONE_HOUR] 2025-06-11 to 2025-06-23
2026-06-11 13:31:59,109 - WARNING - Request failed (attempt 1/3): HTTP Error 400: Bad Request. Retrying in 2s...
2026-06-11 13:32:01,283 - WARNING - Request failed (attempt 2/3): HTTP Error 400: Bad Request. Retrying in 4s...
2026-06-11 13:32:05,459 - ERROR - Failed after 3 attempts: HTTP Error 400: Bad Request
2026-06-11 13:32:05,459 - WARNING - Continuing fetch from last successful point...
2026-06-11 13:32:05,459 - ERROR - No data fetched. Returning empty list.
2026-06-11 13:32:05,459 - WARNING -   No data for BTC-USD
2026-06-11 13:32:05,459 - INFO - [2/8] ETH-USD
2026-06-11 13:32:05,459 - INFO - Fetching ETH-USD [ONE_HOUR] 2025-06-11 to 2025-06-23
2026-06-11 13:32:05,593 - WARNING - Request failed (attempt 1/3): HTTP Error 400: Bad Request. Retrying in 2s...
2026-06-11 13:32:07,751 - WARNING - Request failed (attempt 2/3): HTTP Error 400: Bad Request. Retrying in 4s...
2026-06-11 13:32:11,876 - ERROR - Failed after 3 attempts: HTTP Error 400: Bad Request
2026-06-11 13:32:11,877 - WARNING - Continuing fetch from last successful point...
2026-06-11 13:32:11,877 - ERROR - No data fetched. Returning empty list.
2026-06-11 13:32:11,877 - WARNING -   No data for ETH-USD
2026-06-11 13:32:11,877 - INFO - [3/8] SOL-USD
2026-06-11 13:32:11,877 - INFO - Fetching SOL-USD [ONE_HOUR] 2025-06-11 to 2025-06-23
2026-06-11 13:32:12,027 - WARNING - Request failed (attempt 1/3): HTTP Error 400: Bad Request. Retrying in 2s...
2026-06-11 13:32:14,158 - WARNING - Request failed (attempt 2/3): HTTP Error 400: Bad Request. Retrying in 4s...
2026-06-11 13:32:18,287 - ERROR - Failed after 3 attempts: HTTP Error 400: Bad Request
2026-06-11 13:32:18,287 - WARNING - Continuing fetch from last successful point...
2026-06-11 13:32:18,287 - ERROR - No data fetched. Returning empty list.
2026-06-11 13:32:18,287 - WARNING -   No data for SOL-USD
2026-06-11 13:32:18,287 - INFO - [4/8] ADA-USD
2026-06-11 13:32:18,287 - INFO - Fetching ADA-USD [ONE_DAY] 2025-06-11 to 2026-06-11
2026-06-11 13:32:18,416 - WARNING - Request failed (attempt 1/3): HTTP Error 400: Bad Request. Retrying in 2s...
2026-06-11 13:32:20,586 - WARNING - Request failed (attempt 2/3): HTTP Error 400: Bad Request. Retrying in 4s...
2026-06-11 13:32:24,711 - ERROR - Failed after 3 attempts: HTTP Error 400: Bad Request
2026-06-11 13:32:24,711 - WARNING - Continuing fetch from last successful point...
2026-06-11 13:32:24,712 - ERROR - No data fetched. Returning empty list.
2026-06-11 13:32:24,712 - WARNING -   No data for ADA-USD
2026-06-11 13:32:24,712 - INFO - [5/8] DOT-USD
2026-06-11 13:32:24,712 - INFO - Fetching DOT-USD [ONE_DAY] 2025-06-11 to 2026-06-11
2026-06-11 13:32:24,920 - WARNING - Request failed (attempt 1/3): HTTP Error 400: Bad Request. Retrying in 2s...
2026-06-11 13:32:27,057 - WARNING - Request failed (attempt 2/3): HTTP Error 400: Bad Request. Retrying in 4s...
2026-06-11 13:32:31,192 - ERROR - Failed after 3 attempts: HTTP Error 400: Bad Request
2026-06-11 13:32:31,192 - WARNING - Continuing fetch from last successful point...
2026-06-11 13:32:31,192 - ERROR - No data fetched. Returning empty list.
2026-06-11 13:32:31,192 - WARNING -   No data for DOT-USD
2026-06-11 13:32:31,193 - INFO - [6/8] MATIC-USD
2026-06-11 13:32:31,193 - INFO - Fetching MATIC-USD [ONE_DAY] 2025-06-11 to 2026-06-11
2026-06-11 13:32:31,343 - WARNING - Request failed (attempt 1/3): HTTP Error 400: Bad Request. Retrying in 2s...
2026-06-11 13:32:33,479 - WARNING - Request failed (attempt 2/3): HTTP Error 400: Bad Request. Retrying in 4s...
2026-06-11 13:32:37,623 - ERROR - Failed after 3 attempts: HTTP Error 400: Bad Request
2026-06-11 13:32:37,623 - WARNING - Continuing fetch from last successful point...
2026-06-11 13:32:37,623 - ERROR - No data fetched. Returning empty list.
2026-06-11 13:32:37,623 - WARNING -   No data for MATIC-USD
2026-06-11 13:32:37,623 - INFO - [7/8] AVAX-USD
2026-06-11 13:32:37,623 - INFO - Fetching AVAX-USD [ONE_HOUR] 2025-06-11 to 2025-06-23
2026-06-11 13:32:37,758 - WARNING - Request failed (attempt 1/3): HTTP Error 400: Bad Request. Retrying in 2s...
2026-06-11 13:32:39,923 - WARNING - Request failed (attempt 2/3): HTTP Error 400: Bad Request. Retrying in 4s...
2026-06-11 13:32:44,084 - ERROR - Failed after 3 attempts: HTTP Error 400: Bad Request
2026-06-11 13:32:44,085 - WARNING - Continuing fetch from last successful point...
2026-06-11 13:32:44,085 - ERROR - No data fetched. Returning empty list.
2026-06-11 13:32:44,085 - WARNING -   No data for AVAX-USD
2026-06-11 13:32:44,085 - INFO - [8/8] LINK-USD
2026-06-11 13:32:44,085 - INFO - Fetching LINK-USD [ONE_HOUR] 2025-06-11 to 2025-06-23
2026-06-11 13:32:44,235 - WARNING - Request failed (attempt 1/3): HTTP Error 400: Bad Request. Retrying in 2s...
2026-06-11 13:32:46,380 - WARNING - Request failed (attempt 2/3): HTTP Error 400: Bad Request. Retrying in 4s...
2026-06-11 13:32:50,492 - ERROR - Failed after 3 attempts: HTTP Error 400: Bad Request
2026-06-11 13:32:50,492 - WARNING - Continuing fetch from last successful point...
2026-06-11 13:32:50,492 - ERROR - No data fetched. Returning empty list.
2026-06-11 13:32:50,492 - WARNING -   No data for LINK-USD
2026-06-12 08:26:49,591 - INFO - Starting download for BTC-USD...
2026-06-12 08:28:19,545 - INFO - Starting download for BTC-USD...
2026-06-12 08:28:19,545 - INFO - Fetching BTC-USD [ONE_HOUR] 2026-05-13 to 2026-05-25
2026-06-12 08:28:19,736 - ERROR - HTTP Error 400
2026-06-12 08:28:19,736 - ERROR - No data for BTC-USD
2026-06-12 08:28:19,736 - INFO - Starting download for ETH-USD...
2026-06-12 08:28:19,736 - INFO - Fetching ETH-USD [ONE_HOUR] 2026-05-13 to 2026-05-25
2026-06-12 08:28:19,842 - ERROR - HTTP Error 400
2026-06-12 08:28:19,842 - ERROR - No data for ETH-USD
2026-06-12 08:28:19,842 - INFO - Starting download for SOL-USD...
2026-06-12 08:28:19,842 - INFO - Fetching SOL-USD [ONE_HOUR] 2026-05-13 to 2026-05-25
2026-06-12 08:28:20,019 - ERROR - HTTP Error 400
2026-06-12 08:28:20,019 - ERROR - No data for SOL-USD
2026-06-12 08:28:20,019 - INFO - Starting download for ADA-USD...
2026-06-12 08:28:20,019 - INFO - Fetching ADA-USD [ONE_HOUR] 2026-05-13 to 2026-05-25
2026-06-12 08:28:20,150 - ERROR - HTTP Error 400
2026-06-12 08:28:20,151 - ERROR - No data for ADA-USD
2026-06-12 08:28:20,151 - INFO - Starting download for DOT-USD...
2026-06-12 08:28:20,151 - INFO - Fetching DOT-USD [ONE_HOUR] 2026-05-13 to 2026-05-25
2026-06-12 08:28:20,370 - ERROR - HTTP Error 400
2026-06-12 08:28:20,370 - ERROR - No data for DOT-USD
2026-06-12 08:28:20,370 - INFO - Starting download for MATIC-USD...
2026-06-12 08:28:20,370 - INFO - Fetching MATIC-USD [ONE_HOUR] 2026-05-13 to 2026-05-25
2026-06-12 08:28:20,487 - ERROR - HTTP Error 400
2026-06-12 08:28:20,488 - ERROR - No data for MATIC-USD
2026-06-12 08:28:20,488 - INFO - Starting download for AVAX-USD...
2026-06-12 08:28:20,488 - INFO - Fetching AVAX-USD [ONE_HOUR] 2026-05-13 to 2026-05-25
2026-06-12 08:28:20,599 - ERROR - HTTP Error 400
2026-06-12 08:28:20,599 - ERROR - No data for AVAX-USD
2026-06-12 08:28:20,599 - INFO - Starting download for LINK-USD...
2026-06-12 08:28:20,600 - INFO - Fetching LINK-USD [ONE_HOUR] 2026-05-13 to 2026-05-25
2026-06-12 08:28:20,702 - ERROR - HTTP Error 400
2026-06-12 08:28:20,702 - ERROR - No data for LINK-USD
2026-06-12 08:30:02,282 - INFO - Starting download for BTC-USD...
2026-06-12 08:30:02,282 - INFO - Fetching BTC-USD [ONE_HOUR] 2026-05-13 to 2026-05-25
2026-06-12 08:30:02,282 - INFO - Request URL: https://api.exchange.coinbase.com/products/BTC-USD/candles?start=1778675402&end=1779712202&granularity=ONE_HOUR
2026-06-12 08:30:02,446 - ERROR - HTTP Error 400
2026-06-12 08:30:02,446 - ERROR - No data for BTC-USD
2026-06-12 08:30:02,446 - INFO - Starting download for ETH-USD...
2026-06-12 08:30:02,446 - INFO - Fetching ETH-USD [ONE_HOUR] 2026-05-13 to 2026-05-25
2026-06-12 08:30:02,446 - INFO - Request URL: https://api.exchange.coinbase.com/products/ETH-USD/candles?start=1778675402&end=1779712202&granularity=ONE_HOUR
2026-06-12 08:30:02,588 - ERROR - HTTP Error 400
2026-06-12 08:30:02,589 - ERROR - No data for ETH-USD
2026-06-12 08:30:02,589 - INFO - Starting download for SOL-USD...
2026-06-12 08:30:02,589 - INFO - Fetching SOL-USD [ONE_HOUR] 2026-05-13 to 2026-05-25
2026-06-12 08:30:02,589 - INFO - Request URL: https://api.exchange.coinbase.com/products/SOL-USD/candles?start=1778675402&end=1779712202&granularity=ONE_HOUR
2026-06-12 08:30:02,720 - ERROR - HTTP Error 400
2026-06-12 08:30:02,720 - ERROR - No data for SOL-USD
2026-06-12 08:30:02,721 - INFO - Starting download for ADA-USD...
2026-06-12 08:30:02,721 - INFO - Fetching ADA-USD [ONE_HOUR] 2026-05-13 to 2026-05-25
2026-06-12 08:30:02,721 - INFO - Request URL: https://api.exchange.coinbase.com/products/ADA-USD/candles?start=1778675402&end=1779712202&granularity=ONE_HOUR
2026-06-12 08:30:02,849 - ERROR - HTTP Error 400
2026-06-12 08:30:02,849 - ERROR - No data for ADA-USD
2026-06-12 08:30:02,849 - INFO - Starting download for DOT-USD...
2026-06-12 08:30:02,849 - INFO - Fetching DOT-USD [ONE_HOUR] 2026-05-13 to 2026-05-25
2026-06-12 08:30:02,849 - INFO - Request URL: https://api.exchange.coinbase.com/products/DOT-USD/candles?start=1778675402&end=1779712202&granularity=ONE_HOUR
2026-06-12 08:30:02,997 - ERROR - HTTP Error 400
2026-06-12 08:30:02,997 - ERROR - No data for DOT-USD
2026-06-12 08:30:02,997 - INFO - Starting download for MATIC-USD...
2026-06-12 08:30:02,997 - INFO - Fetching MATIC-USD [ONE_HOUR] 2026-05-13 to 2026-05-25
2026-06-12 08:30:02,997 - INFO - Request URL: https://api.exchange.coinbase.com/products/MATIC-USD/candles?start=1778675402&end=1779712202&granularity=ONE_HOUR
2026-06-12 08:30:03,136 - ERROR - HTTP Error 400
2026-06-12 08:30:03,136 - ERROR - No data for MATIC-USD
2026-06-12 08:30:03,136 - INFO - Starting download for AVAX-USD...
2026-06-12 08:30:03,136 - INFO - Fetching AVAX-USD [ONE_HOUR] 2026-05-13 to 2026-05-25
2026-06-12 08:30:03,136 - INFO - Request URL: https://api.exchange.coinbase.com/products/AVAX-USD/candles?start=1778675402&end=1779712202&granularity=ONE_HOUR
2026-06-12 08:30:03,278 - ERROR - HTTP Error 400
2026-06-12 08:30:03,278 - ERROR - No data for AVAX-USD
2026-06-12 08:30:03,278 - INFO - Starting download for LINK-USD...
2026-06-12 08:30:03,278 - INFO - Fetching LINK-USD [ONE_HOUR] 2026-05-13 to 2026-05-25
2026-06-12 08:30:03,278 - INFO - Request URL: https://api.exchange.coinbase.com/products/LINK-USD/candles?start=1778675402&end=1779712202&granularity=ONE_HOUR
2026-06-12 08:30:03,400 - ERROR - HTTP Error 400
2026-06-12 08:30:03,400 - ERROR - No data for LINK-USD
2026-06-12 09:19:22,487 - INFO - Starting download for BTC-USD...
2026-06-12 09:19:22,487 - INFO - Fetching BTC-USD [ONE_HOUR] 2026-05-13 to 2026-05-25
2026-06-12 09:19:22,487 - INFO - Request URL: https://api.exchange.coinbase.com/products/BTC-USD/candles?start=1778678362&end=1779715162&granularity=1036800
2026-06-12 09:19:22,767 - ERROR - HTTP Error 400
2026-06-12 09:19:22,767 - ERROR - No data for BTC-USD
2026-06-12 09:19:22,767 - INFO - Starting download for ETH-USD...
2026-06-12 09:19:22,767 - INFO - Fetching ETH-USD [ONE_HOUR] 2026-05-13 to 2026-05-25
2026-06-12 09:19:22,767 - INFO - Request URL: https://api.exchange.coinbase.com/products/ETH-USD/candles?start=1778678362&end=1779715162&granularity=1036800
2026-06-12 09:19:22,951 - ERROR - HTTP Error 400
2026-06-12 09:19:22,951 - ERROR - No data for ETH-USD
2026-06-12 09:19:22,951 - INFO - Starting download for SOL-USD...
2026-06-12 09:19:22,951 - INFO - Fetching SOL-USD [ONE_HOUR] 2026-05-13 to 2026-05-25
2026-06-12 09:19:22,951 - INFO - Request URL: https://api.exchange.coinbase.com/products/SOL-USD/candles?start=1778678362&end=1779715162&granularity=1036800
2026-06-12 09:19:23,055 - ERROR - HTTP Error 400
2026-06-12 09:19:23,055 - ERROR - No data for SOL-USD
2026-06-12 09:19:23,055 - INFO - Starting download for ADA-USD...
2026-06-12 09:19:23,055 - INFO - Fetching ADA-USD [ONE_HOUR] 2026-05-13 to 2026-05-25
2026-06-12 09:19:23,055 - INFO - Request URL: https://api.exchange.coinbase.com/products/ADA-USD/candles?start=1778678362&end=1779715162&granularity=1036800
2026-06-12 09:19:23,235 - ERROR - HTTP Error 400
2026-06-12 09:19:23,235 - ERROR - No data for ADA-USD
2026-06-12 09:19:23,235 - INFO - Starting download for DOT-USD...
2026-06-12 09:19:23,235 - INFO - Fetching DOT-USD [ONE_HOUR] 2026-05-13 to 2026-05-25
2026-06-12 09:19:23,235 - INFO - Request URL: https://api.exchange.coinbase.com/products/DOT-USD/candles?start=1778678362&end=1779715162&granularity=1036800
2026-06-12 09:19:23,364 - ERROR - HTTP Error 400
2026-06-12 09:19:23,364 - ERROR - No data for DOT-USD
2026-06-12 09:19:23,364 - INFO - Starting download for MATIC-USD...
2026-06-12 09:19:23,365 - INFO - Fetching MATIC-USD [ONE_HOUR] 2026-05-13 to 2026-05-25
2026-06-12 09:19:23,365 - INFO - Request URL: https://api.exchange.coinbase.com/products/MATIC-USD/candles?start=1778678362&end=1779715162&granularity=1036800
2026-06-12 09:19:23,518 - ERROR - HTTP Error 400
2026-06-12 09:19:23,518 - ERROR - No data for MATIC-USD
2026-06-12 09:19:23,518 - INFO - Starting download for AVAX-USD...
2026-06-12 09:19:23,519 - INFO - Fetching AVAX-USD [ONE_HOUR] 2026-05-13 to 2026-05-25
2026-06-12 09:19:23,519 - INFO - Request URL: https://api.exchange.coinbase.com/products/AVAX-USD/candles?start=1778678362&end=1779715162&granularity=1036800
2026-06-12 09:19:23,786 - ERROR - HTTP Error 400
2026-06-12 09:19:23,787 - ERROR - No data for AVAX-USD
2026-06-12 09:19:23,787 - INFO - Starting download for LINK-USD...
2026-06-12 09:19:23,787 - INFO - Fetching LINK-USD [ONE_HOUR] 2026-05-13 to 2026-05-25
2026-06-12 09:19:23,787 - INFO - Request URL: https://api.exchange.coinbase.com/products/LINK-USD/candles?start=1778678362&end=1779715162&granularity=1036800
2026-06-12 09:19:23,983 - ERROR - HTTP Error 400
2026-06-12 09:19:23,984 - ERROR - No data for LINK-USD
2026-06-12 09:26:23,245 - INFO - Starting download for BTC-USD...
2026-06-12 09:26:23,245 - INFO - Fetching BTC-USD [ONE_HOUR] 2026-05-13 to 2026-05-13
2026-06-12 09:26:23,245 - INFO - Request URL: https://api.exchange.coinbase.com/products/BTC-USD/candles?start=1778678783&end=1778682383&granularity=3600
2026-06-12 09:26:23,414 - ERROR - Error: 'list' object has no attribute 'get'
2026-06-12 09:26:25,415 - INFO - Request URL: https://api.exchange.coinbase.com/products/BTC-USD/candles?start=1778678783&end=1778682383&granularity=3600
2026-06-12 09:26:25,682 - ERROR - Error: 'list' object has no attribute 'get'
2026-06-12 09:26:27,683 - INFO - Request URL: https://api.exchange.coinbase.com/products/BTC-USD/candles?start=1778678783&end=1778682383&granularity=3600
2026-06-12 09:26:27,834 - ERROR - Error: 'list' object has no attribute 'get'
2026-06-12 09:26:32,334 - INFO - Fetching BTC-USD [ONE_HOUR] 2026-05-13 to 2026-05-13
2026-06-12 09:26:32,335 - INFO - Request URL: https://api.exchange.coinbase.com/products/BTC-USD/candles?start=1778682383&end=1778685983&granularity=3600
2026-06-12 09:26:32,547 - ERROR - Error: 'list' object has no attribute 'get'
2026-06-12 09:26:34,548 - INFO - Request URL: https://api.exchange.coinbase.com/products/BTC-USD/candles?start=1778682383&end=1778685983&granularity=3600
2026-06-12 09:26:34,690 - ERROR - Error: 'list' object has no attribute 'get'
2026-06-12 09:26:37,703 - INFO - Request URL: https://api.exchange.coinbase.com/products/BTC-USD/candles?start=1778682383&end=1778685983&granularity=3600
2026-06-12 09:26:37,824 - ERROR - Error: 'list' object has no attribute 'get'
2026-06-12 09:26:42,325 - INFO - Fetching BTC-USD [ONE_HOUR] 2026-05-13 to 2026-05-13
2026-06-12 09:26:42,325 - INFO - Request URL: https://api.exchange.coinbase.com/products/BTC-USD/candles?start=1778685983&end=1778689583&granularity=3600
2026-06-12 09:26:42,518 - ERROR - Error: 'list' object has no attribute 'get'
2026-06-12 09:26:44,519 - INFO - Request URL: https://api.exchange.coinbase.com/products/BTC-USD/candles?start=1778685983&end=1778689583&granularity=3600
2026-06-12 09:26:44,651 - ERROR - Error: 'list' object has no attribute 'get'
2026-06-12 09:26:46,651 - INFO - Request URL: https://api.exchange.coinbase.com/products/BTC-USD/candles?start=1778685983&end=1778689583&granularity=3600
2026-06-12 09:26:46,947 - ERROR - Error: 'list' object has no attribute 'get'
2026-06-12 09:26:51,448 - INFO - Fetching BTC-USD [ONE_HOUR] 2026-05-13 to 2026-05-13
2026-06-12 09:26:51,448 - INFO - Request URL: https://api.exchange.coinbase.com/products/BTC-USD/candles?start=1778689583&end=1778693183&granularity=3600
2026-06-12 09:26:51,584 - ERROR - Error: 'list' object has no attribute 'get'
2026-06-12 09:26:53,584 - INFO - Request URL: https://api.exchange.coinbase.com/products/BTC-USD/candles?start=1778689583&end=1778693183&granularity=3600
2026-06-12 09:26:53,703 - ERROR - Error: 'list' object has no attribute 'get'
2026-06-12 09:26:55,703 - INFO - Request URL: https://api.exchange.coinbase.com/products/BTC-USD/candles?start=1778689583&end=1778693183&granularity=3600
2026-06-12 09:26:55,797 - ERROR - Error: 'list' object has no attribute 'get'
2026-06-12 09:27:00,297 - INFO - Fetching BTC-USD [ONE_HOUR] 2026-05-13 to 2026-05-13
2026-06-12 09:27:00,298 - INFO - Request URL: https://api.exchange.coinbase.com/products/BTC-USD/candles?start=1778693183&end=1778696783&granularity=3600
2026-06-12 09:27:00,427 - ERROR - Error: 'list' object has no attribute 'get'
2026-06-12 09:27:02,428 - INFO - Request URL: https://api.exchange.coinbase.com/products/BTC-USD/candles?start=1778693183&end=1778696783&granularity=3600
2026-06-12 09:27:02,606 - ERROR - Error: 'list' object has no attribute 'get'
2026-06-12 09:27:04,606 - INFO - Request URL: https://api.exchange.coinbase.com/products/BTC-USD/candles?start=1778693183&end=1778696783&granularity=3600
2026-06-12 09:27:04,696 - ERROR - Error: 'list' object has no attribute 'get'
2026-06-12 09:27:09,196 - INFO - Fetching BTC-USD [ONE_HOUR] 2026-05-13 to 2026-05-13
2026-06-12 09:27:09,197 - INFO - Request URL: https://api.exchange.coinbase.com/products/BTC-USD/candles?start=1778696783&end=1778700383&granularity=3600
2026-06-12 09:27:09,349 - ERROR - Error: 'list' object has no attribute 'get'
2026-06-12 09:27:13,767 - INFO - Request URL: https://api.exchange.coinbase.com/products/BTC-USD/candles?start=1778696783&end=1778700383&granularity=3600
2026-06-12 09:27:13,886 - ERROR - Error: 'list' object has no attribute 'get'
2026-06-12 09:27:15,886 - INFO - Request URL: https://api.exchange.coinbase.com/products/BTC-USD/candles?start=1778696783&end=1778700383&granularity=3600
2026-06-12 09:27:16,023 - ERROR - Error: 'list' object has no attribute 'get'
2026-06-12 09:27:20,524 - INFO - Fetching BTC-USD [ONE_HOUR] 2026-05-13 to 2026-05-13
2026-06-12 09:27:20,524 - INFO - Request URL: https://api.exchange.coinbase.com/products/BTC-USD/candles?start=1778700383&end=1778703983&granularity=3600
2026-06-12 09:27:20,742 - ERROR - Error: 'list' object has no attribute 'get'
2026-06-12 09:27:22,742 - INFO - Request URL: https://api.exchange.coinbase.com/products/BTC-USD/candles?start=1778700383&end=1778703983&granularity=3600
2026-06-12 09:27:22,869 - ERROR - Error: 'list' object has no attribute 'get'
2026-06-12 09:27:24,869 - INFO - Request URL: https://api.exchange.coinbase.com/products/BTC-USD/candles?start=1778700383&end=1778703983&granularity=3600
2026-06-12 09:27:24,995 - ERROR - Error: 'list' object has no attribute 'get'
2026-06-12 09:27:29,496 - INFO - Fetching BTC-USD [ONE_HOUR] 2026-05-13 to 2026-05-13
2026-06-12 09:27:29,496 - INFO - Request URL: https://api.exchange.coinbase.com/products/BTC-USD/candles?start=1778703983&end=1778707583&granularity=3600
2026-06-12 09:27:29,817 - ERROR - Error: 'list' object has no attribute 'get'
2026-06-12 09:27:31,817 - INFO - Request URL: https://api.exchange.coinbase.com/products/BTC-USD/candles?start=1778703983&end=1778707583&granularity=3600
2026-06-12 09:27:31,942 - ERROR - Error: 'list' object has no attribute 'get'
2026-06-12 09:27:33,942 - INFO - Request URL: https://api.exchange.coinbase.com/products/BTC-USD/candles?start=1778703983&end=1778707583&granularity=3600
2026-06-12 09:27:34,071 - ERROR - Error: 'list' object has no attribute 'get'
2026-06-12 09:27:38,571 - INFO - Fetching BTC-USD [ONE_HOUR] 2026-05-13 to 2026-05-13
2026-06-12 09:27:38,571 - INFO - Request URL: https://api.exchange.coinbase.com/products/BTC-USD/candles?start=1778707583&end=1778711183&granularity=3600
2026-06-12 09:27:38,719 - ERROR - Error: 'list' object has no attribute 'get'
2026-06-12 09:27:40,719 - INFO - Request URL: https://api.exchange.coinbase.com/products/BTC-USD/candles?start=1778707583&end=1778711183&granularity=3600
2026-06-12 09:27:40,904 - ERROR - Error: 'list' object has no attribute 'get'
2026-06-12 09:27:42,904 - INFO - Request URL: https://api.exchange.coinbase.com/products/BTC-USD/candles?start=1778707583&end=1778711183&granularity=3600
2026-06-12 09:27:43,033 - ERROR - Error: 'list' object has no attribute 'get'
2026-06-12 09:27:47,533 - INFO - Fetching BTC-USD [ONE_HOUR] 2026-05-13 to 2026-05-13
2026-06-12 09:27:47,534 - INFO - Request URL: https://api.exchange.coinbase.com/products/BTC-USD/candles?start=1778711183&end=1778714783&granularity=3600
2026-06-12 09:27:47,758 - ERROR - Error: 'list' object has no attribute 'get'
2026-06-12 09:27:49,758 - INFO - Request URL: https://api.exchange.coinbase.com/products/BTC-USD/candles?start=1778711183&end=1778714783&granularity=3600
2026-06-12 09:27:50,010 - ERROR - Error: 'list' object has no attribute 'get'
2026-06-12 09:27:52,011 - INFO - Request URL: https://api.exchange.coinbase.com/products/BTC-USD/candles?start=1778711183&end=1778714783&granularity=3600
2026-06-12 09:27:52,145 - ERROR - Error: 'list' object has no attribute 'get'
2026-06-12 09:27:56,646 - INFO - Fetching BTC-USD [ONE_HOUR] 2026-05-13 to 2026-05-13
2026-06-12 09:27:56,646 - INFO - Request URL: https://api.exchange.coinbase.com/products/BTC-USD/candles?start=1778714783&end=1778718383&granularity=3600
2026-06-12 09:28:03,365 - ERROR - Error: 'list' object has no attribute 'get'
2026-06-12 09:28:05,365 - INFO - Request URL: https://api.exchange.coinbase.com/products/BTC-USD/candles?start=1778714783&end=1778718383&granularity=3600
2026-06-12 09:28:05,532 - ERROR - Error: 'list' object has no attribute 'get'
2026-06-12 09:28:07,532 - INFO - Request URL: https://api.exchange.coinbase.com/products/BTC-USD/candles?start=1778714783&end=1778718383&granularity=3600
2026-06-12 09:28:07,626 - ERROR - Error: 'list' object has no attribute 'get'
2026-06-12 09:28:12,127 - INFO - Fetching BTC-USD [ONE_HOUR] 2026-05-13 to 2026-05-13
2026-06-12 09:28:12,127 - INFO - Request URL: https://api.exchange.coinbase.com/products/BTC-USD/candles?start=1778718383&end=1778721983&granularity=3600
2026-06-12 09:28:12,283 - ERROR - Error: 'list' object has no attribute 'get'
2026-06-12 09:28:14,283 - INFO - Request URL: https://api.exchange.coinbase.com/products/BTC-USD/candles?start=1778718383&end=1778721983&granularity=3600
2026-06-12 09:28:14,416 - ERROR - Error: 'list' object has no attribute 'get'
2026-06-12 09:28:16,416 - INFO - Request URL: https://api.exchange.coinbase.com/products/BTC-USD/candles?start=1778718383&end=1778721983&granularity=3600
2026-06-12 09:28:16,494 - ERROR - Error: 'list' object has no attribute 'get'
2026-06-12 09:28:20,995 - INFO - Fetching BTC-USD [ONE_HOUR] 2026-05-13 to 2026-05-13
2026-06-12 09:28:20,995 - INFO - Request URL: https://api.exchange.coinbase.com/products/BTC-USD/candles?start=1778721983&end=1778725583&granularity=3600
2026-06-12 09:28:21,143 - ERROR - Error: 'list' object has no attribute 'get'
2026-06-12 09:28:23,143 - INFO - Request URL: https://api.exchange.coinbase.com/products/BTC-USD/candles?start=1778721983&end=1778725583&granularity=3600
2026-06-12 09:28:23,258 - ERROR - Error: 'list' object has no attribute 'get'
2026-06-12 09:28:25,258 - INFO - Request URL: https://api.exchange.coinbase.com/products/BTC-USD/candles?start=1778721983&end=1778725583&granularity=3600
2026-06-12 09:28:25,356 - ERROR - Error: 'list' object has no attribute 'get'
2026-06-12 09:28:29,856 - INFO - Fetching BTC-USD [ONE_HOUR] 2026-05-13 to 2026-05-13
2026-06-12 09:28:29,857 - INFO - Request URL: https://api.exchange.coinbase.com/products/BTC-USD/candles?start=1778725583&end=1778729183&granularity=3600
2026-06-12 09:28:30,006 - ERROR - Error: 'list' object has no attribute 'get'
2026-06-12 09:28:32,007 - INFO - Request URL: https://api.exchange.coinbase.com/products/BTC-USD/candles?start=1778725583&end=1778729183&granularity=3600
2026-06-12 09:28:32,115 - ERROR - Error: 'list' object has no attribute 'get'
2026-06-12 09:28:34,115 - INFO - Request URL: https://api.exchange.coinbase.com/products/BTC-USD/candles?start=1778725583&end=1778729183&granularity=3600
2026-06-12 09:28:34,252 - ERROR - Error: 'list' object has no attribute 'get'
2026-06-12 09:28:38,752 - INFO - Fetching BTC-USD [ONE_HOUR] 2026-05-13 to 2026-05-14
2026-06-12 09:28:38,752 - INFO - Request URL: https://api.exchange.coinbase.com/products/BTC-USD/candles?start=1778729183&end=1778732783&granularity=3600
2026-06-12 09:28:38,907 - ERROR - Error: 'list' object has no attribute 'get'
2026-06-12 09:28:42,517 - INFO - Request URL: https://api.exchange.coinbase.com/products/BTC-USD/candles?start=1778729183&end=1778732783&granularity=3600
2026-06-12 09:28:42,614 - ERROR - Error: 'list' object has no attribute 'get'
2026-06-12 09:28:44,614 - INFO - Request URL: https://api.exchange.coinbase.com/products/BTC-USD/candles?start=1778729183&end=1778732783&granularity=3600
2026-06-12 09:28:44,715 - ERROR - Error: 'list' object has no attribute 'get'
2026-06-12 09:28:49,215 - INFO - Fetching BTC-USD [ONE_HOUR] 2026-05-14 to 2026-05-14
2026-06-12 09:28:49,215 - INFO - Request URL: https://api.exchange.coinbase.com/products/BTC-USD/candles?start=1778732783&end=1778736383&granularity=3600
2026-06-12 09:28:49,384 - ERROR - Error: 'list' object has no attribute 'get'
2026-06-12 09:28:51,384 - INFO - Request URL: https://api.exchange.coinbase.com/products/BTC-USD/candles?start=1778732783&end=1778736383&granularity=3600
2026-06-12 09:28:51,510 - ERROR - Error: 'list' object has no attribute 'get'
2026-06-12 09:28:53,510 - INFO - Request URL: https://api.exchange.coinbase.com/products/BTC-USD/candles?start=1778732783&end=1778736383&granularity=3600
2026-06-12 09:28:53,656 - ERROR - Error: 'list' object has no attribute 'get'
2026-06-12 09:28:58,156 - INFO - Fetching BTC-USD [ONE_HOUR] 2026-05-14 to 2026-05-14
2026-06-12 09:28:58,156 - INFO - Request URL: https://api.exchange.coinbase.com/products/BTC-USD/candles?start=1778736383&end=1778739983&granularity=3600
2026-06-12 09:28:58,339 - ERROR - Error: 'list' object has no attribute 'get'
2026-06-12 09:29:00,339 - INFO - Request URL: https://api.exchange.coinbase.com/products/BTC-USD/candles?start=1778736383&end=1778739983&granularity=3600
2026-06-12 09:29:00,486 - ERROR - Error: 'list' object has no attribute 'get'
2026-06-12 09:29:02,486 - INFO - Request URL: https://api.exchange.coinbase.com/products/BTC-USD/candles?start=1778736383&end=1778739983&granularity=3600
2026-06-12 09:29:02,648 - ERROR - Error: 'list' object has no attribute 'get'
2026-06-12 09:29:07,149 - INFO - Fetching BTC-USD [ONE_HOUR] 2026-05-14 to 2026-05-14
2026-06-12 09:29:07,149 - INFO - Request URL: https://api.exchange.coinbase.com/products/BTC-USD/candles?start=1778739983&end=1778743583&granularity=3600
2026-06-12 09:29:07,396 - ERROR - Error: 'list' object has no attribute 'get'
2026-06-12 09:29:09,396 - INFO - Request URL: https://api.exchange.coinbase.com/products/BTC-USD/candles?start=1778739983&end=1778743583&granularity=3600
2026-06-12 09:29:09,553 - ERROR - Error: 'list' object has no attribute 'get'
2026-06-12 09:29:11,554 - INFO - Request URL: https://api.exchange.coinbase.com/products/BTC-USD/candles?start=1778739983&end=1778743583&granularity=3600
2026-06-12 09:29:11,685 - ERROR - Error: 'list' object has no attribute 'get'
2026-06-12 09:29:16,186 - INFO - Fetching BTC-USD [ONE_HOUR] 2026-05-14 to 2026-05-14
2026-06-12 09:29:16,186 - INFO - Request URL: https://api.exchange.coinbase.com/products/BTC-USD/candles?start=1778743583&end=1778747183&granularity=3600
2026-06-12 09:29:16,902 - ERROR - Error: 'list' object has no attribute 'get'
2026-06-12 09:29:18,902 - INFO - Request URL: https://api.exchange.coinbase.com/products/BTC-USD/candles?start=1778743583&end=1778747183&granularity=3600
2026-06-12 09:29:18,997 - ERROR - Error: 'list' object has no attribute 'get'
2026-06-12 09:29:20,998 - INFO - Request URL: https://api.exchange.coinbase.com/products/BTC-USD/candles?start=1778743583&end=1778747183&granularity=3600
2026-06-12 09:29:21,108 - ERROR - Error: 'list' object has no attribute 'get'
2026-06-12 09:37:15,458 - INFO - Starting download for BTC-USD...
2026-06-12 09:37:15,459 - INFO - Fetching BTC-USD [ONE_HOUR] 2026-05-13 to 2026-05-13
2026-06-12 09:37:15,459 - INFO - Request URL: https://api.exchange.coinbase.com/products/BTC-USD/candles?start=1778679435&end=1778683035&granularity=3600
2026-06-12 09:37:15,660 - INFO - Fetched 1 candles
2026-06-12 09:37:16,160 - INFO - Fetching BTC-USD [ONE_HOUR] 2026-05-13 to 2026-05-13
2026-06-12 09:37:16,160 - INFO - Request URL: https://api.exchange.coinbase.com/products/BTC-USD/candles?start=1778683035&end=1778686635&granularity=3600
2026-06-12 09:37:16,306 - INFO - Fetched 1 candles
2026-06-12 09:37:16,806 - INFO - Fetching BTC-USD [ONE_HOUR] 2026-05-13 to 2026-05-13
2026-06-12 09:37:16,806 - INFO - Request URL: https://api.exchange.coinbase.com/products/BTC-USD/candles?start=1778686635&end=1778690235&granularity=3600
2026-06-12 09:37:17,071 - INFO - Fetched 1 candles
2026-06-12 09:37:17,571 - INFO - Fetching BTC-USD [ONE_HOUR] 2026-05-13 to 2026-05-13
2026-06-12 09:37:17,571 - INFO - Request URL: https://api.exchange.coinbase.com/products/BTC-USD/candles?start=1778690235&end=1778693835&granularity=3600
2026-06-12 09:37:17,759 - INFO - Fetched 1 candles
2026-06-12 09:37:18,259 - INFO - Fetching BTC-USD [ONE_HOUR] 2026-05-13 to 2026-05-13
2026-06-12 09:37:18,259 - INFO - Request URL: https://api.exchange.coinbase.com/products/BTC-USD/candles?start=1778693835&end=1778697435&granularity=3600
2026-06-12 09:37:18,399 - INFO - Fetched 1 candles
2026-06-12 09:37:18,900 - INFO - Fetching BTC-USD [ONE_HOUR] 2026-05-13 to 2026-05-13
2026-06-12 09:37:18,900 - INFO - Request URL: https://api.exchange.coinbase.com/products/BTC-USD/candles?start=1778697435&end=1778701035&granularity=3600
2026-06-12 09:37:19,113 - INFO - Fetched 1 candles
2026-06-12 09:37:19,613 - INFO - Fetching BTC-USD [ONE_HOUR] 2026-05-13 to 2026-05-13
2026-06-12 09:37:19,613 - INFO - Request URL: https://api.exchange.coinbase.com/products/BTC-USD/candles?start=1778701035&end=1778704635&granularity=3600
2026-06-12 09:37:19,750 - INFO - Fetched 1 candles
2026-06-12 09:37:20,250 - INFO - Fetching BTC-USD [ONE_HOUR] 2026-05-13 to 2026-05-13
2026-06-12 09:37:20,250 - INFO - Request URL: https://api.exchange.coinbase.com/products/BTC-USD/candles?start=1778704635&end=1778708235&granularity=3600
2026-06-12 09:37:20,477 - INFO - Fetched 1 candles
2026-06-12 09:37:20,978 - INFO - Fetching BTC-USD [ONE_HOUR] 2026-05-13 to 2026-05-13
2026-06-12 09:37:20,978 - INFO - Request URL: https://api.exchange.coinbase.com/products/BTC-USD/candles?start=1778708235&end=1778711835&granularity=3600
2026-06-12 09:37:21,200 - INFO - Fetched 1 candles
2026-06-12 09:37:21,700 - INFO - Fetching BTC-USD [ONE_HOUR] 2026-05-13 to 2026-05-13
2026-06-12 09:37:21,700 - INFO - Request URL: https://api.exchange.coinbase.com/products/BTC-USD/candles?start=1778711835&end=1778715435&granularity=3600
2026-06-12 09:37:21,920 - INFO - Fetched 1 candles
2026-06-12 09:37:22,420 - INFO - Fetching BTC-USD [ONE_HOUR] 2026-05-13 to 2026-05-13
2026-06-12 09:37:22,420 - INFO - Request URL: https://api.exchange.coinbase.com/products/BTC-USD/candles?start=1778715435&end=1778719035&granularity=3600
2026-06-12 09:37:22,582 - INFO - Fetched 1 candles
2026-06-12 09:37:23,082 - INFO - Fetching BTC-USD [ONE_HOUR] 2026-05-13 to 2026-05-13
2026-06-12 09:37:23,082 - INFO - Request URL: https://api.exchange.coinbase.com/products/BTC-USD/candles?start=1778719035&end=1778722635&granularity=3600
2026-06-12 09:37:23,266 - INFO - Fetched 1 candles
2026-06-12 09:37:23,766 - INFO - Fetching BTC-USD [ONE_HOUR] 2026-05-13 to 2026-05-13
2026-06-12 09:37:23,766 - INFO - Request URL: https://api.exchange.coinbase.com/products/BTC-USD/candles?start=1778722635&end=1778726235&granularity=3600
2026-06-12 09:37:23,935 - INFO - Fetched 1 candles
2026-06-12 09:37:24,435 - INFO - Fetching BTC-USD [ONE_HOUR] 2026-05-13 to 2026-05-13
2026-06-12 09:37:24,435 - INFO - Request URL: https://api.exchange.coinbase.com/products/BTC-USD/candles?start=1778726235&end=1778729835&granularity=3600
2026-06-12 09:37:24,615 - INFO - Fetched 1 candles
2026-06-12 09:37:25,115 - INFO - Fetching BTC-USD [ONE_HOUR] 2026-05-13 to 2026-05-14
2026-06-12 09:37:25,115 - INFO - Request URL: https://api.exchange.coinbase.com/products/BTC-USD/candles?start=1778729835&end=1778733435&granularity=3600
2026-06-12 09:37:25,305 - INFO - Fetched 1 candles
2026-06-12 09:37:25,806 - INFO - Fetching BTC-USD [ONE_HOUR] 2026-05-14 to 2026-05-14
2026-06-12 09:37:25,806 - INFO - Request URL: https://api.exchange.coinbase.com/products/BTC-USD/candles?start=1778733435&end=1778737035&granularity=3600
2026-06-12 09:37:26,015 - INFO - Fetched 1 candles
2026-06-12 09:37:26,516 - INFO - Fetching BTC-USD [ONE_HOUR] 2026-05-14 to 2026-05-14
2026-06-12 09:37:26,516 - INFO - Request URL: https://api.exchange.coinbase.com/products/BTC-USD/candles?start=1778737035&end=1778740635&granularity=3600
2026-06-12 09:37:26,635 - INFO - Fetched 1 candles
2026-06-12 09:37:27,135 - INFO - Fetching BTC-USD [ONE_HOUR] 2026-05-14 to 2026-05-14
2026-06-12 09:37:27,135 - INFO - Request URL: https://api.exchange.coinbase.com/products/BTC-USD/candles?start=1778740635&end=1778744235&granularity=3600
2026-06-12 09:37:27,329 - INFO - Fetched 1 candles
2026-06-12 09:37:27,830 - INFO - Fetching BTC-USD [ONE_HOUR] 2026-05-14 to 2026-05-14
2026-06-12 09:37:27,830 - INFO - Request URL: https://api.exchange.coinbase.com/products/BTC-USD/candles?start=1778744235&end=1778747835&granularity=3600
2026-06-12 09:37:27,994 - INFO - Fetched 1 candles
2026-06-12 09:37:28,494 - INFO - Fetching BTC-USD [ONE_HOUR] 2026-05-14 to 2026-05-14
2026-06-12 09:37:28,494 - INFO - Request URL: https://api.exchange.coinbase.com/products/BTC-USD/candles?start=1778747835&end=1778751435&granularity=3600
2026-06-12 09:37:28,628 - INFO - Fetched 1 candles
2026-06-12 09:37:29,129 - INFO - Fetching BTC-USD [ONE_HOUR] 2026-05-14 to 2026-05-14
2026-06-12 09:37:29,129 - INFO - Request URL: https://api.exchange.coinbase.com/products/BTC-USD/candles?start=1778751435&end=1778755035&granularity=3600
2026-06-12 09:37:29,293 - INFO - Fetched 1 candles
2026-06-12 09:37:29,793 - INFO - Fetching BTC-USD [ONE_HOUR] 2026-05-14 to 2026-05-14
2026-06-12 09:37:29,793 - INFO - Request URL: https://api.exchange.coinbase.com/products/BTC-USD/candles?start=1778755035&end=1778758635&granularity=3600
2026-06-12 09:37:29,951 - INFO - Fetched 1 candles
2026-06-12 09:37:30,451 - INFO - Fetching BTC-USD [ONE_HOUR] 2026-05-14 to 2026-05-14
2026-06-12 09:37:30,451 - INFO - Request URL: https://api.exchange.coinbase.com/products/BTC-USD/candles?start=1778758635&end=1778762235&granularity=3600
2026-06-12 09:37:30,651 - INFO - Fetched 1 candles
2026-06-12 09:37:31,151 - INFO - Fetching BTC-USD [ONE_HOUR] 2026-05-14 to 2026-05-14
2026-06-12 09:37:31,151 - INFO - Request URL: https://api.exchange.coinbase.com/products/BTC-USD/candles?start=1778762235&end=1778765835&granularity=3600
2026-06-12 09:37:31,298 - INFO - Fetched 1 candles
2026-06-12 09:37:31,799 - INFO - Fetching BTC-USD [ONE_HOUR] 2026-05-14 to 2026-05-14
2026-06-12 09:37:31,799 - INFO - Request URL: https://api.exchange.coinbase.com/products/BTC-USD/candles?start=1778765835&end=1778769435&granularity=3600
2026-06-12 09:37:31,945 - INFO - Fetched 1 candles
2026-06-12 09:37:32,445 - INFO - Fetching BTC-USD [ONE_HOUR] 2026-05-14 to 2026-05-14
2026-06-12 09:37:32,445 - INFO - Request URL: https://api.exchange.coinbase.com/products/BTC-USD/candles?start=1778769435&end=1778773035&granularity=3600
2026-06-12 09:37:32,586 - INFO - Fetched 1 candles
2026-06-12 09:37:33,086 - INFO - Fetching BTC-USD [ONE_HOUR] 2026-05-14 to 2026-05-14
2026-06-12 09:37:33,086 - INFO - Request URL: https://api.exchange.coinbase.com/products/BTC-USD/candles?start=1778773035&end=1778776635&granularity=3600
2026-06-12 09:37:33,266 - INFO - Fetched 1 candles
2026-06-12 09:37:33,767 - INFO - Fetching BTC-USD [ONE_HOUR] 2026-05-14 to 2026-05-14
2026-06-12 09:37:33,767 - INFO - Request URL: https://api.exchange.coinbase.com/products/BTC-USD/candles?start=1778776635&end=1778780235&granularity=3600
2026-06-12 09:37:33,900 - INFO - Fetched 1 candles
2026-06-12 09:37:34,401 - INFO - Fetching BTC-USD [ONE_HOUR] 2026-05-14 to 2026-05-14
2026-06-12 09:37:34,401 - INFO - Request URL: https://api.exchange.coinbase.com/products/BTC-USD/candles?start=1778780235&end=1778783835&granularity=3600
2026-06-12 09:37:34,569 - INFO - Fetched 1 candles
2026-06-12 09:37:35,069 - INFO - Fetching BTC-USD [ONE_HOUR] 2026-05-14 to 2026-05-14
2026-06-12 09:37:35,069 - INFO - Request URL: https://api.exchange.coinbase.com/products/BTC-USD/candles?start=1778783835&end=1778787435&granularity=3600
2026-06-12 09:37:35,200 - INFO - Fetched 1 candles
2026-06-12 09:37:35,700 - INFO - Fetching BTC-USD [ONE_HOUR] 2026-05-14 to 2026-05-14
2026-06-12 09:37:35,700 - INFO - Request URL: https://api.exchange.coinbase.com/products/BTC-USD/candles?start=1778787435&end=1778791035&granularity=3600
2026-06-12 09:37:35,885 - INFO - Fetched 1 candles
2026-06-12 09:37:36,385 - INFO - Fetching BTC-USD [ONE_HOUR] 2026-05-14 to 2026-05-14
2026-06-12 09:37:36,385 - INFO - Request URL: https://api.exchange.coinbase.com/products/BTC-USD/candles?start=1778791035&end=1778794635&granularity=3600
2026-06-12 09:37:36,510 - INFO - Fetched 1 candles
2026-06-12 09:37:37,010 - INFO - Fetching BTC-USD [ONE_HOUR] 2026-05-14 to 2026-05-14
2026-06-12 09:37:37,010 - INFO - Request URL: https://api.exchange.coinbase.com/products/BTC-USD/candles?start=1778794635&end=1778798235&granularity=3600
2026-06-12 09:37:37,129 - INFO - Fetched 1 candles
2026-06-12 09:37:37,629 - INFO - Fetching BTC-USD [ONE_HOUR] 2026-05-14 to 2026-05-14
2026-06-12 09:37:37,629 - INFO - Request URL: https://api.exchange.coinbase.com/products/BTC-USD/candles?start=1778798235&end=1778801835&granularity=3600
2026-06-12 09:37:37,823 - INFO - Fetched 1 candles
2026-06-12 09:37:38,323 - INFO - Fetching BTC-USD [ONE_HOUR] 2026-05-14 to 2026-05-14
2026-06-12 09:37:38,323 - INFO - Request URL: https://api.exchange.coinbase.com/products/BTC-USD/candles?start=1778801835&end=1778805435&granularity=3600
2026-06-12 09:37:38,528 - INFO - Fetched 1 candles
2026-06-12 09:37:39,028 - INFO - Fetching BTC-USD [ONE_HOUR] 2026-05-14 to 2026-05-14
2026-06-12 09:37:39,028 - INFO - Request URL: https://api.exchange.coinbase.com/products/BTC-USD/candles?start=1778805435&end=1778809035&granularity=3600
2026-06-12 09:37:39,151 - INFO - Fetched 1 candles
2026-06-12 09:37:39,651 - INFO - Fetching BTC-USD [ONE_HOUR] 2026-05-14 to 2026-05-14
2026-06-12 09:37:39,651 - INFO - Request URL: https://api.exchange.coinbase.com/products/BTC-USD/candles?start=1778809035&end=1778812635&granularity=3600
2026-06-12 09:37:39,877 - INFO - Fetched 1 candles
2026-06-12 09:37:40,377 - INFO - Fetching BTC-USD [ONE_HOUR] 2026-05-14 to 2026-05-14
2026-06-12 09:37:40,377 - INFO - Request URL: https://api.exchange.coinbase.com/products/BTC-USD/candles?start=1778812635&end=1778816235&granularity=3600
2026-06-12 09:37:40,561 - INFO - Fetched 1 candles
2026-06-12 09:37:41,061 - INFO - Fetching BTC-USD [ONE_HOUR] 2026-05-14 to 2026-05-15
2026-06-12 09:37:41,061 - INFO - Request URL: https://api.exchange.coinbase.com/products/BTC-USD/candles?start=1778816235&end=1778819835&granularity=3600
2026-06-12 09:37:41,195 - INFO - Fetched 1 candles
2026-06-12 09:37:41,695 - INFO - Fetching BTC-USD [ONE_HOUR] 2026-05-15 to 2026-05-15
2026-06-12 09:37:41,695 - INFO - Request URL: https://api.exchange.coinbase.com/products/BTC-USD/candles?start=1778819835&end=1778823435&granularity=3600
2026-06-12 09:37:41,832 - INFO - Fetched 1 candles
2026-06-12 09:37:42,332 - INFO - Fetching BTC-USD [ONE_HOUR] 2026-05-15 to 2026-05-15
2026-06-12 09:37:42,333 - INFO - Request URL: https://api.exchange.coinbase.com/products/BTC-USD/candles?start=1778823435&end=1778827035&granularity=3600
2026-06-12 09:37:42,492 - INFO - Fetched 1 candles
2026-06-12 09:37:42,992 - INFO - Fetching BTC-USD [ONE_HOUR] 2026-05-15 to 2026-05-15
2026-06-12 09:37:42,992 - INFO - Request URL: https://api.exchange.coinbase.com/products/BTC-USD/candles?start=1778827035&end=1778830635&granularity=3600
2026-06-12 09:37:43,181 - INFO - Fetched 1 candles
2026-06-12 09:37:43,682 - INFO - Fetching BTC-USD [ONE_HOUR] 2026-05-15 to 2026-05-15
2026-06-12 09:37:43,682 - INFO - Request URL: https://api.exchange.coinbase.com/products/BTC-USD/candles?start=1778830635&end=1778834235&granularity=3600
2026-06-12 09:37:43,850 - INFO - Fetched 1 candles
2026-06-12 09:37:44,350 - INFO - Fetching BTC-USD [ONE_HOUR] 2026-05-15 to 2026-05-15
2026-06-12 09:37:44,350 - INFO - Request URL: https://api.exchange.coinbase.com/products/BTC-USD/candles?start=1778834235&end=1778837835&granularity=3600
2026-06-12 09:37:45,179 - INFO - Fetched 1 candles
2026-06-12 09:37:45,679 - INFO - Fetching BTC-USD [ONE_HOUR] 2026-05-15 to 2026-05-15
2026-06-12 09:37:45,679 - INFO - Request URL: https://api.exchange.coinbase.com/products/BTC-USD/candles?start=1778837835&end=1778841435&granularity=3600
2026-06-12 09:37:45,813 - INFO - Fetched 1 candles
2026-06-12 09:37:46,313 - INFO - Fetching BTC-USD [ONE_HOUR] 2026-05-15 to 2026-05-15
2026-06-12 09:37:46,313 - INFO - Request URL: https://api.exchange.coinbase.com/products/BTC-USD/candles?start=1778841435&end=1778845035&granularity=3600
2026-06-12 09:37:46,515 - INFO - Fetched 1 candles
2026-06-12 09:37:47,016 - INFO - Fetching BTC-USD [ONE_HOUR] 2026-05-15 to 2026-05-15
2026-06-12 09:37:47,016 - INFO - Request URL: https://api.exchange.coinbase.com/products/BTC-USD/candles?start=1778845035&end=1778848635&granularity=3600
2026-06-12 09:37:47,187 - INFO - Fetched 1 candles
2026-06-12 09:37:47,687 - INFO - Fetching BTC-USD [ONE_HOUR] 2026-05-15 to 2026-05-15
2026-06-12 09:37:47,688 - INFO - Request URL: https://api.exchange.coinbase.com/products/BTC-USD/candles?start=1778848635&end=1778852235&granularity=3600
2026-06-12 09:37:47,879 - INFO - Fetched 1 candles
2026-06-12 09:37:48,379 - INFO - Fetching BTC-USD [ONE_HOUR] 2026-05-15 to 2026-05-15
2026-06-12 09:37:48,379 - INFO - Request URL: https://api.exchange.coinbase.com/products/BTC-USD/candles?start=1778852235&end=1778855835&granularity=3600
2026-06-12 09:37:48,554 - INFO - Fetched 1 candles
2026-06-12 09:37:49,054 - INFO - Fetching BTC-USD [ONE_HOUR] 2026-05-15 to 2026-05-15
2026-06-12 09:37:49,054 - INFO - Request URL: https://api.exchange.coinbase.com/products/BTC-USD/candles?start=1778855835&end=1778859435&granularity=3600
2026-06-12 09:37:49,252 - INFO - Fetched 1 candles
2026-06-12 09:37:49,752 - INFO - Fetching BTC-USD [ONE_HOUR] 2026-05-15 to 2026-05-15
2026-06-12 09:37:49,752 - INFO - Request URL: https://api.exchange.coinbase.com/products/BTC-USD/candles?start=1778859435&end=1778863035&granularity=3600
2026-06-12 09:37:49,890 - INFO - Fetched 1 candles
2026-06-12 09:37:50,390 - INFO - Fetching BTC-USD [ONE_HOUR] 2026-05-15 to 2026-05-15
2026-06-12 09:37:50,390 - INFO - Request URL: https://api.exchange.coinbase.com/products/BTC-USD/candles?start=1778863035&end=1778866635&granularity=3600
2026-06-12 09:37:50,556 - INFO - Fetched 1 candles
2026-06-12 09:37:51,056 - INFO - Fetching BTC-USD [ONE_HOUR] 2026-05-15 to 2026-05-15
2026-06-12 09:37:51,056 - INFO - Request URL: https://api.exchange.coinbase.com/products/BTC-USD/candles?start=1778866635&end=1778870235&granularity=3600
2026-06-12 09:37:51,197 - INFO - Fetched 1 candles
2026-06-12 09:37:51,697 - INFO - Fetching BTC-USD [ONE_HOUR] 2026-05-15 to 2026-05-15
2026-06-12 09:37:51,697 - INFO - Request URL: https://api.exchange.coinbase.com/products/BTC-USD/candles?start=1778870235&end=1778873835&granularity=3600
2026-06-12 09:37:51,844 - INFO - Fetched 1 candles
2026-06-12 09:37:52,344 - INFO - Fetching BTC-USD [ONE_HOUR] 2026-05-15 to 2026-05-15
2026-06-12 09:37:52,344 - INFO - Request URL: https://api.exchange.coinbase.com/products/BTC-USD/candles?start=1778873835&end=1778877435&granularity=3600
2026-06-12 09:37:52,501 - INFO - Fetched 1 candles
2026-06-12 09:37:53,001 - INFO - Fetching BTC-USD [ONE_HOUR] 2026-05-15 to 2026-05-15
2026-06-12 09:37:53,001 - INFO - Request URL: https://api.exchange.coinbase.com/products/BTC-USD/candles?start=1778877435&end=1778881035&granularity=3600
2026-06-12 09:37:53,122 - INFO - Fetched 1 candles
2026-06-12 09:37:53,622 - INFO - Fetching BTC-USD [ONE_HOUR] 2026-05-15 to 2026-05-15
2026-06-12 09:37:53,622 - INFO - Request URL: https://api.exchange.coinbase.com/products/BTC-USD/candles?start=1778881035&end=1778884635&granularity=3600
2026-06-12 09:37:53,765 - INFO - Fetched 1 candles
2026-06-12 09:37:54,266 - INFO - Fetching BTC-USD [ONE_HOUR] 2026-05-15 to 2026-05-15
2026-06-12 09:37:54,266 - INFO - Request URL: https://api.exchange.coinbase.com/products/BTC-USD/candles?start=1778884635&end=1778888235&granularity=3600
2026-06-12 09:37:54,531 - INFO - Fetched 1 candles
2026-06-12 09:37:55,032 - INFO - Fetching BTC-USD [ONE_HOUR] 2026-05-15 to 2026-05-15
2026-06-12 09:37:55,032 - INFO - Request URL: https://api.exchange.coinbase.com/products/BTC-USD/candles?start=1778888235&end=1778891835&granularity=3600
2026-06-12 09:37:55,162 - INFO - Fetched 1 candles
2026-06-12 09:37:55,662 - INFO - Fetching BTC-USD [ONE_HOUR] 2026-05-15 to 2026-05-15
2026-06-12 09:37:55,662 - INFO - Request URL: https://api.exchange.coinbase.com/products/BTC-USD/candles?start=1778891835&end=1778895435&granularity=3600
2026-06-12 09:37:55,818 - INFO - Fetched 1 candles
2026-06-12 09:37:56,319 - INFO - Fetching BTC-USD [ONE_HOUR] 2026-05-15 to 2026-05-15
2026-06-12 09:37:56,319 - INFO - Request URL: https://api.exchange.coinbase.com/products/BTC-USD/candles?start=1778895435&end=1778899035&granularity=3600
2026-06-12 09:37:56,543 - INFO - Fetched 1 candles
2026-06-12 09:37:57,044 - INFO - Fetching BTC-USD [ONE_HOUR] 2026-05-15 to 2026-05-15
2026-06-12 09:37:57,044 - INFO - Request URL: https://api.exchange.coinbase.com/products/BTC-USD/candles?start=1778899035&end=1778902635&granularity=3600
2026-06-12 09:37:57,195 - INFO - Fetched 1 candles
2026-06-12 09:37:57,695 - INFO - Fetching BTC-USD [ONE_HOUR] 2026-05-15 to 2026-05-16
2026-06-12 09:37:57,695 - INFO - Request URL: https://api.exchange.coinbase.com/products/BTC-USD/candles?start=1778902635&end=1778906235&granularity=3600
2026-06-12 09:37:57,881 - INFO - Fetched 1 candles
2026-06-12 09:37:58,381 - INFO - Fetching BTC-USD [ONE_HOUR] 2026-05-16 to 2026-05-16
2026-06-12 09:37:58,381 - INFO - Request URL: https://api.exchange.coinbase.com/products/BTC-USD/candles?start=1778906235&end=1778909835&granularity=3600
2026-06-12 09:37:58,694 - INFO - Fetched 1 candles
2026-06-12 09:37:59,195 - INFO - Fetching BTC-USD [ONE_HOUR] 2026-05-16 to 2026-05-16
2026-06-12 09:37:59,195 - INFO - Request URL: https://api.exchange.coinbase.com/products/BTC-USD/candles?start=1778909835&end=1778913435&granularity=3600
2026-06-12 09:37:59,318 - INFO - Fetched 1 candles
2026-06-12 09:37:59,818 - INFO - Fetching BTC-USD [ONE_HOUR] 2026-05-16 to 2026-05-16
2026-06-12 09:37:59,818 - INFO - Request URL: https://api.exchange.coinbase.com/products/BTC-USD/candles?start=1778913435&end=1778917035&granularity=3600
2026-06-12 09:37:59,949 - INFO - Fetched 1 candles
2026-06-12 09:38:00,449 - INFO - Fetching BTC-USD [ONE_HOUR] 2026-05-16 to 2026-05-16
2026-06-12 09:38:00,449 - INFO - Request URL: https://api.exchange.coinbase.com/products/BTC-USD/candles?start=1778917035&end=1778920635&granularity=3600
2026-06-12 09:38:00,662 - INFO - Fetched 1 candles
2026-06-12 09:38:01,162 - INFO - Fetching BTC-USD [ONE_HOUR] 2026-05-16 to 2026-05-16
2026-06-12 09:38:01,162 - INFO - Request URL: https://api.exchange.coinbase.com/products/BTC-USD/candles?start=1778920635&end=1778924235&granularity=3600
2026-06-12 09:38:01,350 - INFO - Fetched 1 candles
2026-06-12 09:38:01,850 - INFO - Fetching BTC-USD [ONE_HOUR] 2026-05-16 to 2026-05-16
2026-06-12 09:38:01,850 - INFO - Request URL: https://api.exchange.coinbase.com/products/BTC-USD/candles?start=1778924235&end=1778927835&granularity=3600
2026-06-12 09:38:01,991 - INFO - Fetched 1 candles
2026-06-12 09:38:02,492 - INFO - Fetching BTC-USD [ONE_HOUR] 2026-05-16 to 2026-05-16
2026-06-12 09:38:02,492 - INFO - Request URL: https://api.exchange.coinbase.com/products/BTC-USD/candles?start=1778927835&end=1778931435&granularity=3600
2026-06-12 09:38:02,750 - INFO - Fetched 1 candles
2026-06-12 09:38:03,250 - INFO - Fetching BTC-USD [ONE_HOUR] 2026-05-16 to 2026-05-16
2026-06-12 09:38:03,250 - INFO - Request URL: https://api.exchange.coinbase.com/products/BTC-USD/candles?start=1778931435&end=1778935035&granularity=3600
2026-06-12 09:38:03,507 - INFO - Fetched 1 candles
2026-06-12 09:38:04,007 - INFO - Fetching BTC-USD [ONE_HOUR] 2026-05-16 to 2026-05-16
2026-06-12 09:38:04,007 - INFO - Request URL: https://api.exchange.coinbase.com/products/BTC-USD/candles?start=1778935035&end=1778938635&granularity=3600
2026-06-12 09:38:04,135 - INFO - Fetched 1 candles
2026-06-12 09:38:04,635 - INFO - Fetching BTC-USD [ONE_HOUR] 2026-05-16 to 2026-05-16
2026-06-12 09:38:04,636 - INFO - Request URL: https://api.exchange.coinbase.com/products/BTC-USD/candles?start=1778938635&end=1778942235&granularity=3600
2026-06-12 09:38:04,807 - INFO - Fetched 1 candles
2026-06-12 09:38:05,307 - INFO - Fetching BTC-USD [ONE_HOUR] 2026-05-16 to 2026-05-16
2026-06-12 09:38:05,307 - INFO - Request URL: https://api.exchange.coinbase.com/products/BTC-USD/candles?start=1778942235&end=1778945835&granularity=3600
2026-06-12 09:38:05,417 - INFO - Fetched 1 candles
2026-06-12 09:38:05,917 - INFO - Fetching BTC-USD [ONE_HOUR] 2026-05-16 to 2026-05-16
2026-06-12 09:38:05,918 - INFO - Request URL: https://api.exchange.coinbase.com/products/BTC-USD/candles?start=1778945835&end=1778949435&granularity=3600
2026-06-12 09:38:06,175 - INFO - Fetched 1 candles
2026-06-12 09:38:06,675 - INFO - Fetching BTC-USD [ONE_HOUR] 2026-05-16 to 2026-05-16
2026-06-12 09:38:06,675 - INFO - Request URL: https://api.exchange.coinbase.com/products/BTC-USD/candles?start=1778949435&end=1778953035&granularity=3600
2026-06-12 09:38:06,832 - INFO - Fetched 1 candles
2026-06-12 09:38:07,332 - INFO - Fetching BTC-USD [ONE_HOUR] 2026-05-16 to 2026-05-16
2026-06-12 09:38:07,332 - INFO - Request URL: https://api.exchange.coinbase.com/products/BTC-USD/candles?start=1778953035&end=1778956635&granularity=3600
2026-06-12 09:38:07,480 - INFO - Fetched 1 candles
2026-06-12 09:38:07,980 - INFO - Fetching BTC-USD [ONE_HOUR] 2026-05-16 to 2026-05-16
2026-06-12 09:38:07,980 - INFO - Request URL: https://api.exchange.coinbase.com/products/BTC-USD/candles?start=1778956635&end=1778960235&granularity=3600
2026-06-12 09:38:08,127 - INFO - Fetched 1 candles
2026-06-12 09:38:08,627 - INFO - Fetching BTC-USD [ONE_HOUR] 2026-05-16 to 2026-05-16
2026-06-12 09:38:08,627 - INFO - Request URL: https://api.exchange.coinbase.com/products/BTC-USD/candles?start=1778960235&end=1778963835&granularity=3600
2026-06-12 09:38:08,886 - INFO - Fetched 1 candles
2026-06-12 09:38:09,386 - INFO - Fetching BTC-USD [ONE_HOUR] 2026-05-16 to 2026-05-16
2026-06-12 09:38:09,386 - INFO - Request URL: https://api.exchange.coinbase.com/products/BTC-USD/candles?start=1778963835&end=1778967435&granularity=3600
2026-06-12 09:38:09,620 - INFO - Fetched 1 candles
2026-06-12 09:38:10,120 - INFO - Fetching BTC-USD [ONE_HOUR] 2026-05-16 to 2026-05-16
2026-06-12 09:38:10,120 - INFO - Request URL: https://api.exchange.coinbase.com/products/BTC-USD/candles?start=1778967435&end=1778971035&granularity=3600
2026-06-12 09:38:10,248 - INFO - Fetched 1 candles
2026-06-12 09:38:10,748 - INFO - Fetching BTC-USD [ONE_HOUR] 2026-05-16 to 2026-05-16
2026-06-12 09:38:10,749 - INFO - Request URL: https://api.exchange.coinbase.com/products/BTC-USD/candles?start=1778971035&end=1778974635&granularity=3600
2026-06-12 09:38:10,937 - INFO - Fetched 1 candles
2026-06-12 09:38:11,437 - INFO - Fetching BTC-USD [ONE_HOUR] 2026-05-16 to 2026-05-16
2026-06-12 09:38:11,437 - INFO - Request URL: https://api.exchange.coinbase.com/products/BTC-USD/candles?start=1778974635&end=1778978235&granularity=3600
2026-06-12 09:38:12,801 - INFO - Fetched 1 candles
2026-06-12 09:38:13,301 - INFO - Fetching BTC-USD [ONE_HOUR] 2026-05-16 to 2026-05-16
2026-06-12 09:38:13,301 - INFO - Request URL: https://api.exchange.coinbase.com/products/BTC-USD/candles?start=1778978235&end=1778981835&granularity=3600
2026-06-12 09:38:13,422 - INFO - Fetched 1 candles
2026-06-12 09:38:13,922 - INFO - Fetching BTC-USD [ONE_HOUR] 2026-05-16 to 2026-05-16
2026-06-12 09:38:13,922 - INFO - Request URL: https://api.exchange.coinbase.com/products/BTC-USD/candles?start=1778981835&end=1778985435&granularity=3600
2026-06-12 09:38:14,081 - INFO - Fetched 1 candles
2026-06-12 09:38:14,582 - INFO - Fetching BTC-USD [ONE_HOUR] 2026-05-16 to 2026-05-16
2026-06-12 09:38:14,582 - INFO - Request URL: https://api.exchange.coinbase.com/products/BTC-USD/candles?start=1778985435&end=1778989035&granularity=3600
2026-06-12 09:38:14,715 - INFO - Fetched 1 candles
2026-06-12 09:38:15,216 - INFO - Fetching BTC-USD [ONE_HOUR] 2026-05-16 to 2026-05-17
2026-06-12 09:38:15,216 - INFO - Request URL: https://api.exchange.coinbase.com/products/BTC-USD/candles?start=1778989035&end=1778992635&granularity=3600
2026-06-12 09:38:15,324 - INFO - Fetched 1 candles
2026-06-12 09:38:15,824 - INFO - Fetching BTC-USD [ONE_HOUR] 2026-05-17 to 2026-05-17
2026-06-12 09:38:15,824 - INFO - Request URL: https://api.exchange.coinbase.com/products/BTC-USD/candles?start=1778992635&end=1778996235&granularity=3600
2026-06-12 09:38:15,967 - INFO - Fetched 1 candles
2026-06-12 09:38:16,467 - INFO - Fetching BTC-USD [ONE_HOUR] 2026-05-17 to 2026-05-17
2026-06-12 09:38:16,467 - INFO - Request URL: https://api.exchange.coinbase.com/products/BTC-USD/candles?start=1778996235&end=1778999835&granularity=3600
2026-06-12 09:38:16,642 - INFO - Fetched 1 candles
2026-06-12 09:38:17,142 - INFO - Fetching BTC-USD [ONE_HOUR] 2026-05-17 to 2026-05-17
2026-06-12 09:38:17,143 - INFO - Request URL: https://api.exchange.coinbase.com/products/BTC-USD/candles?start=1778999835&end=1779003435&granularity=3600
2026-06-12 09:38:17,293 - INFO - Fetched 1 candles
2026-06-12 09:38:17,793 - INFO - Fetching BTC-USD [ONE_HOUR] 2026-05-17 to 2026-05-17
2026-06-12 09:38:17,793 - INFO - Request URL: https://api.exchange.coinbase.com/products/BTC-USD/candles?start=1779003435&end=1779007035&granularity=3600
2026-06-12 09:38:18,137 - INFO - Fetched 1 candles
2026-06-12 09:38:18,637 - INFO - Fetching BTC-USD [ONE_HOUR] 2026-05-17 to 2026-05-17
2026-06-12 09:38:18,637 - INFO - Request URL: https://api.exchange.coinbase.com/products/BTC-USD/candles?start=1779007035&end=1779010635&granularity=3600
2026-06-12 09:38:18,814 - INFO - Fetched 1 candles
2026-06-12 09:38:19,314 - INFO - Fetching BTC-USD [ONE_HOUR] 2026-05-17 to 2026-05-17
2026-06-12 09:38:19,314 - INFO - Request URL: https://api.exchange.coinbase.com/products/BTC-USD/candles?start=1779010635&end=1779014235&granularity=3600
2026-06-12 09:38:19,460 - INFO - Fetched 1 candles
2026-06-12 09:38:19,960 - INFO - Fetching BTC-USD [ONE_HOUR] 2026-05-17 to 2026-05-17
2026-06-12 09:38:19,960 - INFO - Request URL: https://api.exchange.coinbase.com/products/BTC-USD/candles?start=1779014235&end=1779017835&granularity=3600
2026-06-12 09:38:20,133 - INFO - Fetched 1 candles
2026-06-12 09:38:20,633 - INFO - Fetching BTC-USD [ONE_HOUR] 2026-05-17 to 2026-05-17
2026-06-12 09:38:20,634 - INFO - Request URL: https://api.exchange.coinbase.com/products/BTC-USD/candles?start=1779017835&end=1779021435&granularity=3600
2026-06-12 09:38:20,792 - INFO - Fetched 1 candles
2026-06-12 09:38:21,292 - INFO - Fetching BTC-USD [ONE_HOUR] 2026-05-17 to 2026-05-17
2026-06-12 09:38:21,292 - INFO - Request URL: https://api.exchange.coinbase.com/products/BTC-USD/candles?start=1779021435&end=1779025035&granularity=3600
2026-06-12 09:38:21,440 - INFO - Fetched 1 candles
2026-06-12 09:38:21,940 - INFO - Fetching BTC-USD [ONE_HOUR] 2026-05-17 to 2026-05-17
2026-06-12 09:38:21,940 - INFO - Request URL: https://api.exchange.coinbase.com/products/BTC-USD/candles?start=1779025035&end=1779028635&granularity=3600
2026-06-12 09:38:22,206 - INFO - Fetched 1 candles
2026-06-12 09:38:22,707 - INFO - Fetching BTC-USD [ONE_HOUR] 2026-05-17 to 2026-05-17
2026-06-12 09:38:22,707 - INFO - Request URL: https://api.exchange.coinbase.com/products/BTC-USD/candles?start=1779028635&end=1779032235&granularity=3600
2026-06-12 09:38:22,853 - INFO - Fetched 1 candles
2026-06-12 09:38:23,353 - INFO - Fetching BTC-USD [ONE_HOUR] 2026-05-17 to 2026-05-17
2026-06-12 09:38:23,353 - INFO - Request URL: https://api.exchange.coinbase.com/products/BTC-USD/candles?start=1779032235&end=1779035835&granularity=3600
2026-06-12 09:38:23,544 - INFO - Fetched 1 candles
2026-06-12 09:38:24,044 - INFO - Fetching BTC-USD [ONE_HOUR] 2026-05-17 to 2026-05-17
2026-06-12 09:38:24,044 - INFO - Request URL: https://api.exchange.coinbase.com/products/BTC-USD/candles?start=1779035835&end=1779039435&granularity=3600
2026-06-12 09:38:24,266 - INFO - Fetched 1 candles
2026-06-12 09:38:24,766 - INFO - Fetching BTC-USD [ONE_HOUR] 2026-05-17 to 2026-05-17
2026-06-12 09:38:24,766 - INFO - Request URL: https://api.exchange.coinbase.com/products/BTC-USD/candles?start=1779039435&end=1779043035&granularity=3600
2026-06-12 09:38:24,925 - INFO - Fetched 1 candles
2026-06-12 09:38:25,425 - INFO - Fetching BTC-USD [ONE_HOUR] 2026-05-17 to 2026-05-17
2026-06-12 09:38:25,425 - INFO - Request URL: https://api.exchange.coinbase.com/products/BTC-USD/candles?start=1779043035&end=1779046635&granularity=3600
2026-06-12 09:38:25,580 - INFO - Fetched 1 candles
2026-06-12 09:38:26,080 - INFO - Fetching BTC-USD [ONE_HOUR] 2026-05-17 to 2026-05-17
2026-06-12 09:38:26,080 - INFO - Request URL: https://api.exchange.coinbase.com/products/BTC-USD/candles?start=1779046635&end=1779050235&granularity=3600
2026-06-12 09:38:26,276 - INFO - Fetched 1 candles
2026-06-12 09:38:26,776 - INFO - Fetching BTC-USD [ONE_HOUR] 2026-05-17 to 2026-05-17
2026-06-12 09:38:26,776 - INFO - Request URL: https://api.exchange.coinbase.com/products/BTC-USD/candles?start=1779050235&end=1779053835&granularity=3600
2026-06-12 09:38:26,946 - INFO - Fetched 1 candles
2026-06-12 09:38:27,446 - INFO - Fetching BTC-USD [ONE_HOUR] 2026-05-17 to 2026-05-17
2026-06-12 09:38:27,446 - INFO - Request URL: https://api.exchange.coinbase.com/products/BTC-USD/candles?start=1779053835&end=1779057435&granularity=3600
2026-06-12 09:38:27,635 - INFO - Fetched 1 candles
2026-06-12 09:38:28,135 - INFO - Fetching BTC-USD [ONE_HOUR] 2026-05-17 to 2026-05-17
2026-06-12 09:38:28,135 - INFO - Request URL: https://api.exchange.coinbase.com/products/BTC-USD/candles?start=1779057435&end=1779061035&granularity=3600
2026-06-12 09:38:28,272 - INFO - Fetched 1 candles
2026-06-12 09:38:28,772 - INFO - Fetching BTC-USD [ONE_HOUR] 2026-05-17 to 2026-05-17
2026-06-12 09:38:28,772 - INFO - Request URL: https://api.exchange.coinbase.com/products/BTC-USD/candles?start=1779061035&end=1779064635&granularity=3600
2026-06-12 09:38:28,966 - INFO - Fetched 1 candles
2026-06-12 09:38:29,466 - INFO - Fetching BTC-USD [ONE_HOUR] 2026-05-17 to 2026-05-17
2026-06-12 09:38:29,466 - INFO - Request URL: https://api.exchange.coinbase.com/products/BTC-USD/candles?start=1779064635&end=1779068235&granularity=3600
2026-06-12 09:38:29,597 - INFO - Fetched 1 candles
2026-06-12 09:38:30,097 - INFO - Fetching BTC-USD [ONE_HOUR] 2026-05-17 to 2026-05-17
2026-06-12 09:38:30,098 - INFO - Request URL: https://api.exchange.coinbase.com/products/BTC-USD/candles?start=1779068235&end=1779071835&granularity=3600
2026-06-12 09:38:30,326 - INFO - Fetched 1 candles
2026-06-12 09:38:30,826 - INFO - Fetching BTC-USD [ONE_HOUR] 2026-05-17 to 2026-05-17
2026-06-12 09:38:30,826 - INFO - Request URL: https://api.exchange.coinbase.com/products/BTC-USD/candles?start=1779071835&end=1779075435&granularity=3600
2026-06-12 09:38:31,007 - INFO - Fetched 1 candles
2026-06-12 09:38:31,508 - INFO - Fetching BTC-USD [ONE_HOUR] 2026-05-17 to 2026-05-18
2026-06-12 09:38:31,508 - INFO - Request URL: https://api.exchange.coinbase.com/products/BTC-USD/candles?start=1779075435&end=1779079035&granularity=3600
2026-06-12 09:38:31,628 - INFO - Fetched 1 candles
2026-06-12 09:38:32,128 - INFO - Fetching BTC-USD [ONE_HOUR] 2026-05-18 to 2026-05-18
2026-06-12 09:38:32,128 - INFO - Request URL: https://api.exchange.coinbase.com/products/BTC-USD/candles?start=1779079035&end=1779082635&granularity=3600
2026-06-12 09:38:32,259 - INFO - Fetched 1 candles
2026-06-12 09:38:32,759 - INFO - Fetching BTC-USD [ONE_HOUR] 2026-05-18 to 2026-05-18
2026-06-12 09:38:32,759 - INFO - Request URL: https://api.exchange.coinbase.com/products/BTC-USD/candles?start=1779082635&end=1779086235&granularity=3600
2026-06-12 09:38:32,888 - INFO - Fetched 1 candles
2026-06-12 09:38:33,388 - INFO - Fetching BTC-USD [ONE_HOUR] 2026-05-18 to 2026-05-18
2026-06-12 09:38:33,388 - INFO - Request URL: https://api.exchange.coinbase.com/products/BTC-USD/candles?start=1779086235&end=1779089835&granularity=3600
2026-06-12 09:38:33,658 - INFO - Fetched 1 candles
2026-06-12 09:38:34,158 - INFO - Fetching BTC-USD [ONE_HOUR] 2026-05-18 to 2026-05-18
2026-06-12 09:38:34,158 - INFO - Request URL: https://api.exchange.coinbase.com/products/BTC-USD/candles?start=1779089835&end=1779093435&granularity=3600
2026-06-12 09:38:34,279 - INFO - Fetched 1 candles
2026-06-12 09:38:34,779 - INFO - Fetching BTC-USD [ONE_HOUR] 2026-05-18 to 2026-05-18
2026-06-12 09:38:34,779 - INFO - Request URL: https://api.exchange.coinbase.com/products/BTC-USD/candles?start=1779093435&end=1779097035&granularity=3600
2026-06-12 09:38:34,940 - INFO - Fetched 1 candles
2026-06-12 09:38:35,440 - INFO - Fetching BTC-USD [ONE_HOUR] 2026-05-18 to 2026-05-18
2026-06-12 09:38:35,440 - INFO - Request URL: https://api.exchange.coinbase.com/products/BTC-USD/candles?start=1779097035&end=1779100635&granularity=3600
2026-06-12 09:38:35,645 - INFO - Fetched 1 candles
2026-06-12 09:38:36,145 - INFO - Fetching BTC-USD [ONE_HOUR] 2026-05-18 to 2026-05-18
2026-06-12 09:38:36,145 - INFO - Request URL: https://api.exchange.coinbase.com/products/BTC-USD/candles?start=1779100635&end=1779104235&granularity=3600
2026-06-12 09:38:36,305 - INFO - Fetched 1 candles
2026-06-12 09:38:36,805 - INFO - Fetching BTC-USD [ONE_HOUR] 2026-05-18 to 2026-05-18
2026-06-12 09:38:36,805 - INFO - Request URL: https://api.exchange.coinbase.com/products/BTC-USD/candles?start=1779104235&end=1779107835&granularity=3600
2026-06-12 09:38:36,961 - INFO - Fetched 1 candles
2026-06-12 09:38:37,461 - INFO - Fetching BTC-USD [ONE_HOUR] 2026-05-18 to 2026-05-18
2026-06-12 09:38:37,461 - INFO - Request URL: https://api.exchange.coinbase.com/products/BTC-USD/candles?start=1779107835&end=1779111435&granularity=3600
2026-06-12 09:38:37,661 - INFO - Fetched 1 candles
2026-06-12 09:38:38,161 - INFO - Fetching BTC-USD [ONE_HOUR] 2026-05-18 to 2026-05-18
2026-06-12 09:38:38,161 - INFO - Request URL: https://api.exchange.coinbase.com/products/BTC-USD/candles?start=1779111435&end=1779115035&granularity=3600
2026-06-12 09:38:38,448 - INFO - Fetched 1 candles
2026-06-12 09:38:38,948 - INFO - Fetching BTC-USD [ONE_HOUR] 2026-05-18 to 2026-05-18
2026-06-12 09:38:38,948 - INFO - Request URL: https://api.exchange.coinbase.com/products/BTC-USD/candles?start=1779115035&end=1779118635&granularity=3600
2026-06-12 09:38:39,163 - INFO - Fetched 1 candles
2026-06-12 09:38:39,663 - INFO - Fetching BTC-USD [ONE_HOUR] 2026-05-18 to 2026-05-18
2026-06-12 09:38:39,663 - INFO - Request URL: https://api.exchange.coinbase.com/products/BTC-USD/candles?start=1779118635&end=1779122235&granularity=3600
2026-06-12 09:38:39,865 - INFO - Fetched 1 candles
2026-06-12 09:38:40,365 - INFO - Fetching BTC-USD [ONE_HOUR] 2026-05-18 to 2026-05-18
2026-06-12 09:38:40,365 - INFO - Request URL: https://api.exchange.coinbase.com/products/BTC-USD/candles?start=1779122235&end=1779125835&granularity=3600
2026-06-12 09:38:40,622 - INFO - Fetched 1 candles
2026-06-12 09:38:41,122 - INFO - Fetching BTC-USD [ONE_HOUR] 2026-05-18 to 2026-05-18
2026-06-12 09:38:41,122 - INFO - Request URL: https://api.exchange.coinbase.com/products/BTC-USD/candles?start=1779125835&end=1779129435&granularity=3600
2026-06-12 09:38:41,507 - INFO - Fetched 1 candles
2026-06-12 09:38:42,007 - INFO - Fetching BTC-USD [ONE_HOUR] 2026-05-18 to 2026-05-18
2026-06-12 09:38:42,007 - INFO - Request URL: https://api.exchange.coinbase.com/products/BTC-USD/candles?start=1779129435&end=1779133035&granularity=3600
2026-06-12 09:38:42,287 - INFO - Fetched 1 candles
2026-06-12 09:38:42,788 - INFO - Fetching BTC-USD [ONE_HOUR] 2026-05-18 to 2026-05-18
2026-06-12 09:38:42,788 - INFO - Request URL: https://api.exchange.coinbase.com/products/BTC-USD/candles?start=1779133035&end=1779136635&granularity=3600
2026-06-12 09:38:42,927 - INFO - Fetched 1 candles
2026-06-12 09:38:43,427 - INFO - Fetching BTC-USD [ONE_HOUR] 2026-05-18 to 2026-05-18
2026-06-12 09:38:43,427 - INFO - Request URL: https://api.exchange.coinbase.com/products/BTC-USD/candles?start=1779136635&end=1779140235&granularity=3600
2026-06-12 09:38:43,596 - INFO - Fetched 1 candles
2026-06-12 09:38:44,097 - INFO - Fetching BTC-USD [ONE_HOUR] 2026-05-18 to 2026-05-18
2026-06-12 09:38:44,097 - INFO - Request URL: https://api.exchange.coinbase.com/products/BTC-USD/candles?start=1779140235&end=1779143835&granularity=3600
2026-06-12 09:38:44,292 - INFO - Fetched 1 candles
2026-06-12 09:38:44,792 - INFO - Fetching BTC-USD [ONE_HOUR] 2026-05-18 to 2026-05-18
2026-06-12 09:38:44,792 - INFO - Request URL: https://api.exchange.coinbase.com/products/BTC-USD/candles?start=1779143835&end=1779147435&granularity=3600
2026-06-12 09:38:45,004 - INFO - Fetched 1 candles
2026-06-12 09:38:45,504 - INFO - Fetching BTC-USD [ONE_HOUR] 2026-05-18 to 2026-05-18
2026-06-12 09:38:45,504 - INFO - Request URL: https://api.exchange.coinbase.com/products/BTC-USD/candles?start=1779147435&end=1779151035&granularity=3600
2026-06-12 09:38:45,620 - INFO - Fetched 1 candles
2026-06-12 09:38:46,120 - INFO - Fetching BTC-USD [ONE_HOUR] 2026-05-18 to 2026-05-18
2026-06-12 09:38:46,120 - INFO - Request URL: https://api.exchange.coinbase.com/products/BTC-USD/candles?start=1779151035&end=1779154635&granularity=3600
2026-06-12 09:38:46,268 - INFO - Fetched 1 candles
2026-06-12 09:38:46,768 - INFO - Fetching BTC-USD [ONE_HOUR] 2026-05-18 to 2026-05-18
2026-06-12 09:38:46,768 - INFO - Request URL: https://api.exchange.coinbase.com/products/BTC-USD/candles?start=1779154635&end=1779158235&granularity=3600
2026-06-12 09:38:47,001 - INFO - Fetched 1 candles
2026-06-12 09:38:47,502 - INFO - Fetching BTC-USD [ONE_HOUR] 2026-05-18 to 2026-05-18
2026-06-12 09:38:47,502 - INFO - Request URL: https://api.exchange.coinbase.com/products/BTC-USD/candles?start=1779158235&end=1779161835&granularity=3600
2026-06-12 09:38:47,673 - INFO - Fetched 1 candles
2026-06-12 09:38:48,173 - INFO - Fetching BTC-USD [ONE_HOUR] 2026-05-18 to 2026-05-19
2026-06-12 09:38:48,173 - INFO - Request URL: https://api.exchange.coinbase.com/products/BTC-USD/candles?start=1779161835&end=1779165435&granularity=3600
2026-06-12 09:38:48,313 - INFO - Fetched 1 candles
2026-06-12 09:38:48,813 - INFO - Fetching BTC-USD [ONE_HOUR] 2026-05-19 to 2026-05-19
2026-06-12 09:38:48,813 - INFO - Request URL: https://api.exchange.coinbase.com/products/BTC-USD/candles?start=1779165435&end=1779169035&granularity=3600
2026-06-12 09:38:48,940 - INFO - Fetched 1 candles
2026-06-12 09:38:49,440 - INFO - Fetching BTC-USD [ONE_HOUR] 2026-05-19 to 2026-05-19
2026-06-12 09:38:49,440 - INFO - Request URL: https://api.exchange.coinbase.com/products/BTC-USD/candles?start=1779169035&end=1779172635&granularity=3600
2026-06-12 09:38:49,569 - INFO - Fetched 1 candles
2026-06-12 09:38:50,070 - INFO - Fetching BTC-USD [ONE_HOUR] 2026-05-19 to 2026-05-19
2026-06-12 09:38:50,070 - INFO - Request URL: https://api.exchange.coinbase.com/products/BTC-USD/candles?start=1779172635&end=1779176235&granularity=3600
2026-06-12 09:38:50,273 - INFO - Fetched 1 candles
2026-06-12 09:38:50,773 - INFO - Fetching BTC-USD [ONE_HOUR] 2026-05-19 to 2026-05-19
2026-06-12 09:38:50,773 - INFO - Request URL: https://api.exchange.coinbase.com/products/BTC-USD/candles?start=1779176235&end=1779179835&granularity=3600
2026-06-12 09:38:50,999 - INFO - Fetched 1 candles
2026-06-12 09:38:51,499 - INFO - Fetching BTC-USD [ONE_HOUR] 2026-05-19 to 2026-05-19
2026-06-12 09:38:51,499 - INFO - Request URL: https://api.exchange.coinbase.com/products/BTC-USD/candles?start=1779179835&end=1779183435&granularity=3600
2026-06-12 09:38:51,719 - INFO - Fetched 1 candles
2026-06-12 09:38:52,219 - INFO - Fetching BTC-USD [ONE_HOUR] 2026-05-19 to 2026-05-19
2026-06-12 09:38:52,219 - INFO - Request URL: https://api.exchange.coinbase.com/products/BTC-USD/candles?start=1779183435&end=1779187035&granularity=3600
2026-06-12 09:38:52,525 - INFO - Fetched 1 candles
2026-06-12 09:38:53,025 - INFO - Fetching BTC-USD [ONE_HOUR] 2026-05-19 to 2026-05-19
2026-06-12 09:38:53,025 - INFO - Request URL: https://api.exchange.coinbase.com/products/BTC-USD/candles?start=1779187035&end=1779190635&granularity=3600
2026-06-12 09:38:53,416 - INFO - Fetched 1 candles
2026-06-12 09:38:53,916 - INFO - Fetching BTC-USD [ONE_HOUR] 2026-05-19 to 2026-05-19
2026-06-12 09:38:53,916 - INFO - Request URL: https://api.exchange.coinbase.com/products/BTC-USD/candles?start=1779190635&end=1779194235&granularity=3600
2026-06-12 09:38:54,162 - INFO - Fetched 1 candles
2026-06-12 09:38:54,662 - INFO - Fetching BTC-USD [ONE_HOUR] 2026-05-19 to 2026-05-19
2026-06-12 09:38:54,662 - INFO - Request URL: https://api.exchange.coinbase.com/products/BTC-USD/candles?start=1779194235&end=1779197835&granularity=3600
2026-06-12 09:38:54,876 - INFO - Fetched 1 candles
2026-06-12 09:38:55,376 - INFO - Fetching BTC-USD [ONE_HOUR] 2026-05-19 to 2026-05-19
2026-06-12 09:38:55,376 - INFO - Request URL: https://api.exchange.coinbase.com/products/BTC-USD/candles?start=1779197835&end=1779201435&granularity=3600
2026-06-12 09:38:55,665 - INFO - Fetched 1 candles
2026-06-12 09:38:56,165 - INFO - Fetching BTC-USD [ONE_HOUR] 2026-05-19 to 2026-05-19
2026-06-12 09:38:56,165 - INFO - Request URL: https://api.exchange.coinbase.com/products/BTC-USD/candles?start=1779201435&end=1779205035&granularity=3600
2026-06-12 09:38:56,421 - INFO - Fetched 1 candles
2026-06-12 09:38:56,921 - INFO - Fetching BTC-USD [ONE_HOUR] 2026-05-19 to 2026-05-19
2026-06-12 09:38:56,921 - INFO - Request URL: https://api.exchange.coinbase.com/products/BTC-USD/candles?start=1779205035&end=1779208635&granularity=3600
2026-06-12 09:38:57,132 - INFO - Fetched 1 candles
2026-06-12 09:38:57,632 - INFO - Fetching BTC-USD [ONE_HOUR] 2026-05-19 to 2026-05-19
2026-06-12 09:38:57,632 - INFO - Request URL: https://api.exchange.coinbase.com/products/BTC-USD/candles?start=1779208635&end=1779212235&granularity=3600
2026-06-12 09:38:57,854 - INFO - Fetched 1 candles
2026-06-12 09:38:58,354 - INFO - Fetching BTC-USD [ONE_HOUR] 2026-05-19 to 2026-05-19
2026-06-12 09:38:58,354 - INFO - Request URL: https://api.exchange.coinbase.com/products/BTC-USD/candles?start=1779212235&end=1779215835&granularity=3600
2026-06-12 09:38:58,676 - INFO - Fetched 1 candles
2026-06-12 09:38:59,176 - INFO - Fetching BTC-USD [ONE_HOUR] 2026-05-19 to 2026-05-19
2026-06-12 09:38:59,176 - INFO - Request URL: https://api.exchange.coinbase.com/products/BTC-USD/candles?start=1779215835&end=1779219435&granularity=3600
2026-06-12 09:38:59,385 - INFO - Fetched 1 candles
2026-06-12 09:38:59,885 - INFO - Fetching BTC-USD [ONE_HOUR] 2026-05-19 to 2026-05-19
2026-06-12 09:38:59,885 - INFO - Request URL: https://api.exchange.coinbase.com/products/BTC-USD/candles?start=1779219435&end=1779223035&granularity=3600
2026-06-12 09:39:00,002 - INFO - Fetched 1 candles
2026-06-12 09:39:02,524 - INFO - Fetching BTC-USD [ONE_HOUR] 2026-05-19 to 2026-05-19
2026-06-12 09:39:02,525 - INFO - Request URL: https://api.exchange.coinbase.com/products/BTC-USD/candles?start=1779223035&end=1779226635&granularity=3600
2026-06-12 09:39:02,655 - INFO - Fetched 1 candles
2026-06-12 09:39:03,155 - INFO - Fetching BTC-USD [ONE_HOUR] 2026-05-19 to 2026-05-19
2026-06-12 09:39:03,155 - INFO - Request URL: https://api.exchange.coinbase.com/products/BTC-USD/candles?start=1779226635&end=1779230235&granularity=3600
2026-06-12 09:39:03,308 - INFO - Fetched 1 candles
2026-06-12 09:39:03,808 - INFO - Fetching BTC-USD [ONE_HOUR] 2026-05-19 to 2026-05-19
2026-06-12 09:39:03,808 - INFO - Request URL: https://api.exchange.coinbase.com/products/BTC-USD/candles?start=1779230235&end=1779233835&granularity=3600
2026-06-12 09:39:03,952 - INFO - Fetched 1 candles
2026-06-12 09:39:04,452 - INFO - Fetching BTC-USD [ONE_HOUR] 2026-05-19 to 2026-05-19
2026-06-12 09:39:04,452 - INFO - Request URL: https://api.exchange.coinbase.com/products/BTC-USD/candles?start=1779233835&end=1779237435&granularity=3600
2026-06-12 09:39:04,626 - INFO - Fetched 1 candles
2026-06-12 09:39:05,126 - INFO - Fetching BTC-USD [ONE_HOUR] 2026-05-19 to 2026-05-19
2026-06-12 09:39:05,126 - INFO - Request URL: https://api.exchange.coinbase.com/products/BTC-USD/candles?start=1779237435&end=1779241035&granularity=3600
2026-06-12 09:39:05,342 - INFO - Fetched 1 candles
2026-06-12 09:39:05,842 - INFO - Fetching BTC-USD [ONE_HOUR] 2026-05-19 to 2026-05-19
2026-06-12 09:39:05,842 - INFO - Request URL: https://api.exchange.coinbase.com/products/BTC-USD/candles?start=1779241035&end=1779244635&granularity=3600
2026-06-12 09:39:05,980 - INFO - Fetched 1 candles
2026-06-12 09:39:06,480 - INFO - Fetching BTC-USD [ONE_HOUR] 2026-05-19 to 2026-05-19
2026-06-12 09:39:06,480 - INFO - Request URL: https://api.exchange.coinbase.com/products/BTC-USD/candles?start=1779244635&end=1779248235&granularity=3600
2026-06-12 09:39:06,633 - INFO - Fetched 1 candles
2026-06-12 09:39:07,133 - INFO - Fetching BTC-USD [ONE_HOUR] 2026-05-19 to 2026-05-20
2026-06-12 09:39:07,133 - INFO - Request URL: https://api.exchange.coinbase.com/products/BTC-USD/candles?start=1779248235&end=1779251835&granularity=3600
2026-06-12 09:39:07,286 - INFO - Fetched 1 candles
2026-06-12 09:39:07,786 - INFO - Fetching BTC-USD [ONE_HOUR] 2026-05-20 to 2026-05-20
2026-06-12 09:39:07,786 - INFO - Request URL: https://api.exchange.coinbase.com/products/BTC-USD/candles?start=1779251835&end=1779255435&granularity=3600
2026-06-12 09:39:07,972 - INFO - Fetched 1 candles
2026-06-12 09:39:08,472 - INFO - Fetching BTC-USD [ONE_HOUR] 2026-05-20 to 2026-05-20
2026-06-12 09:39:08,472 - INFO - Request URL: https://api.exchange.coinbase.com/products/BTC-USD/candles?start=1779255435&end=1779259035&granularity=3600
2026-06-12 09:39:08,621 - INFO - Fetched 1 candles
2026-06-12 09:39:09,121 - INFO - Fetching BTC-USD [ONE_HOUR] 2026-05-20 to 2026-05-20
2026-06-12 09:39:09,122 - INFO - Request URL: https://api.exchange.coinbase.com/products/BTC-USD/candles?start=1779259035&end=1779262635&granularity=3600
2026-06-12 09:39:09,243 - INFO - Fetched 1 candles
2026-06-12 09:39:09,744 - INFO - Fetching BTC-USD [ONE_HOUR] 2026-05-20 to 2026-05-20
2026-06-12 09:39:09,744 - INFO - Request URL: https://api.exchange.coinbase.com/products/BTC-USD/candles?start=1779262635&end=1779266235&granularity=3600
2026-06-12 09:39:09,863 - INFO - Fetched 1 candles
2026-06-12 09:39:10,363 - INFO - Fetching BTC-USD [ONE_HOUR] 2026-05-20 to 2026-05-20
2026-06-12 09:39:10,363 - INFO - Request URL: https://api.exchange.coinbase.com/products/BTC-USD/candles?start=1779266235&end=1779269835&granularity=3600
2026-06-12 09:39:10,520 - INFO - Fetched 1 candles
2026-06-12 09:39:11,021 - INFO - Fetching BTC-USD [ONE_HOUR] 2026-05-20 to 2026-05-20
2026-06-12 09:39:11,021 - INFO - Request URL: https://api.exchange.coinbase.com/products/BTC-USD/candles?start=1779269835&end=1779273435&granularity=3600
2026-06-12 09:39:11,169 - INFO - Fetched 1 candles
2026-06-12 09:39:11,670 - INFO - Fetching BTC-USD [ONE_HOUR] 2026-05-20 to 2026-05-20
2026-06-12 09:39:11,670 - INFO - Request URL: https://api.exchange.coinbase.com/products/BTC-USD/candles?start=1779273435&end=1779277035&granularity=3600
2026-06-12 09:39:11,808 - INFO - Fetched 1 candles
2026-06-12 09:39:12,308 - INFO - Fetching BTC-USD [ONE_HOUR] 2026-05-20 to 2026-05-20
2026-06-12 09:39:12,308 - INFO - Request URL: https://api.exchange.coinbase.com/products/BTC-USD/candles?start=1779277035&end=1779280635&granularity=3600
2026-06-12 09:39:12,497 - INFO - Fetched 1 candles
2026-06-12 09:39:12,998 - INFO - Fetching BTC-USD [ONE_HOUR] 2026-05-20 to 2026-05-20
2026-06-12 09:39:12,998 - INFO - Request URL: https://api.exchange.coinbase.com/products/BTC-USD/candles?start=1779280635&end=1779284235&granularity=3600
2026-06-12 09:39:13,140 - INFO - Fetched 1 candles
2026-06-12 09:39:13,640 - INFO - Fetching BTC-USD [ONE_HOUR] 2026-05-20 to 2026-05-20
2026-06-12 09:39:13,640 - INFO - Request URL: https://api.exchange.coinbase.com/products/BTC-USD/candles?start=1779284235&end=1779287835&granularity=3600
2026-06-12 09:39:13,784 - INFO - Fetched 1 candles
2026-06-12 09:39:14,284 - INFO - Fetching BTC-USD [ONE_HOUR] 2026-05-20 to 2026-05-20
2026-06-12 09:39:14,284 - INFO - Request URL: https://api.exchange.coinbase.com/products/BTC-USD/candles?start=1779287835&end=1779291435&granularity=3600
2026-06-12 09:39:14,439 - INFO - Fetched 1 candles
2026-06-12 09:39:14,939 - INFO - Fetching BTC-USD [ONE_HOUR] 2026-05-20 to 2026-05-20
2026-06-12 09:39:14,939 - INFO - Request URL: https://api.exchange.coinbase.com/products/BTC-USD/candles?start=1779291435&end=1779295035&granularity=3600
2026-06-12 09:39:15,066 - INFO - Fetched 1 candles
2026-06-12 09:39:15,566 - INFO - Fetching BTC-USD [ONE_HOUR] 2026-05-20 to 2026-05-20
2026-06-12 09:39:15,566 - INFO - Request URL: https://api.exchange.coinbase.com/products/BTC-USD/candles?start=1779295035&end=1779298635&granularity=3600
2026-06-12 09:39:15,824 - INFO - Fetched 1 candles
2026-06-12 09:39:16,324 - INFO - Fetching BTC-USD [ONE_HOUR] 2026-05-20 to 2026-05-20
2026-06-12 09:39:16,324 - INFO - Request URL: https://api.exchange.coinbase.com/products/BTC-USD/candles?start=1779298635&end=1779302235&granularity=3600
2026-06-12 09:39:16,487 - INFO - Fetched 1 candles
2026-06-12 09:39:16,987 - INFO - Fetching BTC-USD [ONE_HOUR] 2026-05-20 to 2026-05-20
2026-06-12 09:39:16,988 - INFO - Request URL: https://api.exchange.coinbase.com/products/BTC-USD/candles?start=1779302235&end=1779305835&granularity=3600
2026-06-12 09:39:17,133 - INFO - Fetched 1 candles
2026-06-12 09:39:17,634 - INFO - Fetching BTC-USD [ONE_HOUR] 2026-05-20 to 2026-05-20
2026-06-12 09:39:17,634 - INFO - Request URL: https://api.exchange.coinbase.com/products/BTC-USD/candles?start=1779305835&end=1779309435&granularity=3600
2026-06-12 09:39:17,778 - INFO - Fetched 1 candles
2026-06-12 09:39:18,278 - INFO - Fetching BTC-USD [ONE_HOUR] 2026-05-20 to 2026-05-20
2026-06-12 09:39:18,278 - INFO - Request URL: https://api.exchange.coinbase.com/products/BTC-USD/candles?start=1779309435&end=1779313035&granularity=3600
2026-06-12 09:39:18,435 - INFO - Fetched 1 candles
2026-06-12 09:39:18,935 - INFO - Fetching BTC-USD [ONE_HOUR] 2026-05-20 to 2026-05-20
2026-06-12 09:39:18,936 - INFO - Request URL: https://api.exchange.coinbase.com/products/BTC-USD/candles?start=1779313035&end=1779316635&granularity=3600
2026-06-12 09:39:19,073 - INFO - Fetched 1 candles
2026-06-12 09:39:19,573 - INFO - Fetching BTC-USD [ONE_HOUR] 2026-05-20 to 2026-05-20
2026-06-12 09:39:19,573 - INFO - Request URL: https://api.exchange.coinbase.com/products/BTC-USD/candles?start=1779316635&end=1779320235&granularity=3600
2026-06-12 09:39:19,709 - INFO - Fetched 1 candles
2026-06-12 09:39:20,210 - INFO - Fetching BTC-USD [ONE_HOUR] 2026-05-20 to 2026-05-20
2026-06-12 09:39:20,210 - INFO - Request URL: https://api.exchange.coinbase.com/products/BTC-USD/candles?start=1779320235&end=1779323835&granularity=3600
2026-06-12 09:39:20,327 - INFO - Fetched 1 candles
2026-06-12 09:39:20,827 - INFO - Fetching BTC-USD [ONE_HOUR] 2026-05-20 to 2026-05-20
2026-06-12 09:39:20,827 - INFO - Request URL: https://api.exchange.coinbase.com/products/BTC-USD/candles?start=1779323835&end=1779327435&granularity=3600
2026-06-12 09:39:20,955 - INFO - Fetched 1 candles
2026-06-12 09:39:21,455 - INFO - Fetching BTC-USD [ONE_HOUR] 2026-05-20 to 2026-05-20
2026-06-12 09:39:21,455 - INFO - Request URL: https://api.exchange.coinbase.com/products/BTC-USD/candles?start=1779327435&end=1779331035&granularity=3600
2026-06-12 09:39:21,608 - INFO - Fetched 1 candles
2026-06-12 09:39:22,108 - INFO - Fetching BTC-USD [ONE_HOUR] 2026-05-20 to 2026-05-20
2026-06-12 09:39:22,108 - INFO - Request URL: https://api.exchange.coinbase.com/products/BTC-USD/candles?start=1779331035&end=1779334635&granularity=3600
2026-06-12 09:39:22,247 - INFO - Fetched 1 candles
2026-06-12 09:39:22,747 - INFO - Fetching BTC-USD [ONE_HOUR] 2026-05-20 to 2026-05-21
2026-06-12 09:39:22,747 - INFO - Request URL: https://api.exchange.coinbase.com/products/BTC-USD/candles?start=1779334635&end=1779338235&granularity=3600
2026-06-12 09:39:22,938 - INFO - Fetched 1 candles
2026-06-12 09:39:23,438 - INFO - Fetching BTC-USD [ONE_HOUR] 2026-05-21 to 2026-05-21
2026-06-12 09:39:23,438 - INFO - Request URL: https://api.exchange.coinbase.com/products/BTC-USD/candles?start=1779338235&end=1779341835&granularity=3600
2026-06-12 09:39:23,585 - INFO - Fetched 1 candles
2026-06-12 09:39:24,085 - INFO - Fetching BTC-USD [ONE_HOUR] 2026-05-21 to 2026-05-21
2026-06-12 09:39:24,085 - INFO - Request URL: https://api.exchange.coinbase.com/products/BTC-USD/candles?start=1779341835&end=1779345435&granularity=3600
2026-06-12 09:39:24,185 - INFO - Fetched 1 candles
2026-06-12 09:39:24,685 - INFO - Fetching BTC-USD [ONE_HOUR] 2026-05-21 to 2026-05-21
2026-06-12 09:39:24,685 - INFO - Request URL: https://api.exchange.coinbase.com/products/BTC-USD/candles?start=1779345435&end=1779349035&granularity=3600
2026-06-12 09:39:24,817 - INFO - Fetched 1 candles
2026-06-12 09:39:25,317 - INFO - Fetching BTC-USD [ONE_HOUR] 2026-05-21 to 2026-05-21
2026-06-12 09:39:25,317 - INFO - Request URL: https://api.exchange.coinbase.com/products/BTC-USD/candles?start=1779349035&end=1779352635&granularity=3600
2026-06-12 09:39:25,476 - INFO - Fetched 1 candles
2026-06-12 09:39:25,976 - INFO - Fetching BTC-USD [ONE_HOUR] 2026-05-21 to 2026-05-21
2026-06-12 09:39:25,977 - INFO - Request URL: https://api.exchange.coinbase.com/products/BTC-USD/candles?start=1779352635&end=1779356235&granularity=3600
2026-06-12 09:39:26,240 - INFO - Fetched 1 candles
2026-06-12 09:39:26,740 - INFO - Fetching BTC-USD [ONE_HOUR] 2026-05-21 to 2026-05-21
2026-06-12 09:39:26,740 - INFO - Request URL: https://api.exchange.coinbase.com/products/BTC-USD/candles?start=1779356235&end=1779359835&granularity=3600
2026-06-12 09:39:26,903 - INFO - Fetched 1 candles
2026-06-12 09:39:27,403 - INFO - Fetching BTC-USD [ONE_HOUR] 2026-05-21 to 2026-05-21
2026-06-12 09:39:27,403 - INFO - Request URL: https://api.exchange.coinbase.com/products/BTC-USD/candles?start=1779359835&end=1779363435&granularity=3600
2026-06-12 09:39:27,523 - INFO - Fetched 1 candles
2026-06-12 09:39:28,023 - INFO - Fetching BTC-USD [ONE_HOUR] 2026-05-21 to 2026-05-21
2026-06-12 09:39:28,023 - INFO - Request URL: https://api.exchange.coinbase.com/products/BTC-USD/candles?start=1779363435&end=1779367035&granularity=3600
2026-06-12 09:39:28,172 - INFO - Fetched 1 candles
2026-06-12 09:39:28,672 - INFO - Fetching BTC-USD [ONE_HOUR] 2026-05-21 to 2026-05-21
2026-06-12 09:39:28,672 - INFO - Request URL: https://api.exchange.coinbase.com/products/BTC-USD/candles?start=1779367035&end=1779370635&granularity=3600
2026-06-12 09:39:28,902 - INFO - Fetched 1 candles
2026-06-12 09:39:29,402 - INFO - Fetching BTC-USD [ONE_HOUR] 2026-05-21 to 2026-05-21
2026-06-12 09:39:29,402 - INFO - Request URL: https://api.exchange.coinbase.com/products/BTC-USD/candles?start=1779370635&end=1779374235&granularity=3600
2026-06-12 09:39:29,539 - INFO - Fetched 1 candles
2026-06-12 09:39:30,039 - INFO - Fetching BTC-USD [ONE_HOUR] 2026-05-21 to 2026-05-21
2026-06-12 09:39:30,039 - INFO - Request URL: https://api.exchange.coinbase.com/products/BTC-USD/candles?start=1779374235&end=1779377835&granularity=3600
2026-06-12 09:39:30,210 - INFO - Fetched 1 candles
2026-06-12 09:39:30,710 - INFO - Fetching BTC-USD [ONE_HOUR] 2026-05-21 to 2026-05-21
2026-06-12 09:39:30,710 - INFO - Request URL: https://api.exchange.coinbase.com/products/BTC-USD/candles?start=1779377835&end=1779381435&granularity=3600
2026-06-12 09:39:30,826 - INFO - Fetched 1 candles
2026-06-12 09:39:31,327 - INFO - Fetching BTC-USD [ONE_HOUR] 2026-05-21 to 2026-05-21
2026-06-12 09:39:31,327 - INFO - Request URL: https://api.exchange.coinbase.com/products/BTC-USD/candles?start=1779381435&end=1779385035&granularity=3600
2026-06-12 09:39:31,451 - INFO - Fetched 1 candles
2026-06-12 09:39:31,952 - INFO - Fetching BTC-USD [ONE_HOUR] 2026-05-21 to 2026-05-21
2026-06-12 09:39:31,952 - INFO - Request URL: https://api.exchange.coinbase.com/products/BTC-USD/candles?start=1779385035&end=1779388635&granularity=3600
2026-06-12 09:39:32,095 - INFO - Fetched 1 candles
2026-06-12 09:39:32,595 - INFO - Fetching BTC-USD [ONE_HOUR] 2026-05-21 to 2026-05-21
2026-06-12 09:39:32,595 - INFO - Request URL: https://api.exchange.coinbase.com/products/BTC-USD/candles?start=1779388635&end=1779392235&granularity=3600
2026-06-12 09:39:32,765 - INFO - Fetched 1 candles
2026-06-12 09:39:33,265 - INFO - Fetching BTC-USD [ONE_HOUR] 2026-05-21 to 2026-05-21
2026-06-12 09:39:33,265 - INFO - Request URL: https://api.exchange.coinbase.com/products/BTC-USD/candles?start=1779392235&end=1779395835&granularity=3600
2026-06-12 09:39:33,517 - INFO - Fetched 1 candles
2026-06-12 09:39:34,017 - INFO - Fetching BTC-USD [ONE_HOUR] 2026-05-21 to 2026-05-21
2026-06-12 09:39:34,017 - INFO - Request URL: https://api.exchange.coinbase.com/products/BTC-USD/candles?start=1779395835&end=1779399435&granularity=3600
2026-06-12 09:39:34,186 - INFO - Fetched 1 candles
2026-06-12 09:39:34,686 - INFO - Fetching BTC-USD [ONE_HOUR] 2026-05-21 to 2026-05-21
2026-06-12 09:39:34,686 - INFO - Request URL: https://api.exchange.coinbase.com/products/BTC-USD/candles?start=1779399435&end=1779403035&granularity=3600
2026-06-12 09:39:34,822 - INFO - Fetched 1 candles
2026-06-12 09:39:35,322 - INFO - Fetching BTC-USD [ONE_HOUR] 2026-05-21 to 2026-05-21
2026-06-12 09:39:35,322 - INFO - Request URL: https://api.exchange.coinbase.com/products/BTC-USD/candles?start=1779403035&end=1779406635&granularity=3600
2026-06-12 09:39:35,485 - INFO - Fetched 1 candles
2026-06-12 09:39:35,986 - INFO - Fetching BTC-USD [ONE_HOUR] 2026-05-21 to 2026-05-21
2026-06-12 09:39:35,986 - INFO - Request URL: https://api.exchange.coinbase.com/products/BTC-USD/candles?start=1779406635&end=1779410235&granularity=3600
2026-06-12 09:39:36,234 - INFO - Fetched 1 candles
2026-06-12 09:39:36,735 - INFO - Fetching BTC-USD [ONE_HOUR] 2026-05-21 to 2026-05-21
2026-06-12 09:39:36,735 - INFO - Request URL: https://api.exchange.coinbase.com/products/BTC-USD/candles?start=1779410235&end=1779413835&granularity=3600
2026-06-12 09:39:37,743 - INFO - Fetched 1 candles
2026-06-12 09:39:38,243 - INFO - Fetching BTC-USD [ONE_HOUR] 2026-05-21 to 2026-05-21
2026-06-12 09:39:38,243 - INFO - Request URL: https://api.exchange.coinbase.com/products/BTC-USD/candles?start=1779413835&end=1779417435&granularity=3600
2026-06-12 09:39:38,414 - INFO - Fetched 1 candles
2026-06-12 09:39:38,914 - INFO - Fetching BTC-USD [ONE_HOUR] 2026-05-21 to 2026-05-21
2026-06-12 09:39:38,914 - INFO - Request URL: https://api.exchange.coinbase.com/products/BTC-USD/candles?start=1779417435&end=1779421035&granularity=3600
2026-06-12 09:39:39,045 - INFO - Fetched 1 candles
2026-06-12 09:39:39,546 - INFO - Fetching BTC-USD [ONE_HOUR] 2026-05-21 to 2026-05-22
2026-06-12 09:39:39,546 - INFO - Request URL: https://api.exchange.coinbase.com/products/BTC-USD/candles?start=1779421035&end=1779424635&granularity=3600
2026-06-12 09:39:39,794 - INFO - Fetched 1 candles
2026-06-12 09:39:40,294 - INFO - Fetching BTC-USD [ONE_HOUR] 2026-05-22 to 2026-05-22
2026-06-12 09:39:40,294 - INFO - Request URL: https://api.exchange.coinbase.com/products/BTC-USD/candles?start=1779424635&end=1779428235&granularity=3600
2026-06-12 09:39:40,439 - INFO - Fetched 1 candles
2026-06-12 09:39:40,940 - INFO - Fetching BTC-USD [ONE_HOUR] 2026-05-22 to 2026-05-22
2026-06-12 09:39:40,940 - INFO - Request URL: https://api.exchange.coinbase.com/products/BTC-USD/candles?start=1779428235&end=1779431835&granularity=3600
2026-06-12 09:39:41,073 - INFO - Fetched 1 candles
2026-06-12 09:39:41,573 - INFO - Fetching BTC-USD [ONE_HOUR] 2026-05-22 to 2026-05-22
2026-06-12 09:39:41,573 - INFO - Request URL: https://api.exchange.coinbase.com/products/BTC-USD/candles?start=1779431835&end=1779435435&granularity=3600
2026-06-12 09:39:41,828 - INFO - Fetched 1 candles
2026-06-12 09:39:42,328 - INFO - Fetching BTC-USD [ONE_HOUR] 2026-05-22 to 2026-05-22
2026-06-12 09:39:42,328 - INFO - Request URL: https://api.exchange.coinbase.com/products/BTC-USD/candles?start=1779435435&end=1779439035&granularity=3600
2026-06-12 09:39:42,565 - INFO - Fetched 1 candles
2026-06-12 09:39:43,065 - INFO - Fetching BTC-USD [ONE_HOUR] 2026-05-22 to 2026-05-22
2026-06-12 09:39:43,065 - INFO - Request URL: https://api.exchange.coinbase.com/products/BTC-USD/candles?start=1779439035&end=1779442635&granularity=3600
2026-06-12 09:39:43,239 - INFO - Fetched 1 candles
2026-06-12 09:39:43,739 - INFO - Fetching BTC-USD [ONE_HOUR] 2026-05-22 to 2026-05-22
2026-06-12 09:39:43,739 - INFO - Request URL: https://api.exchange.coinbase.com/products/BTC-USD/candles?start=1779442635&end=1779446235&granularity=3600
2026-06-12 09:39:43,899 - INFO - Fetched 1 candles
2026-06-12 09:39:44,399 - INFO - Fetching BTC-USD [ONE_HOUR] 2026-05-22 to 2026-05-22
2026-06-12 09:39:44,399 - INFO - Request URL: https://api.exchange.coinbase.com/products/BTC-USD/candles?start=1779446235&end=1779449835&granularity=3600
2026-06-12 09:39:44,541 - INFO - Fetched 1 candles
2026-06-12 09:39:45,041 - INFO - Fetching BTC-USD [ONE_HOUR] 2026-05-22 to 2026-05-22
2026-06-12 09:39:45,041 - INFO - Request URL: https://api.exchange.coinbase.com/products/BTC-USD/candles?start=1779449835&end=1779453435&granularity=3600
2026-06-12 09:39:45,180 - INFO - Fetched 1 candles
2026-06-12 09:39:45,680 - INFO - Fetching BTC-USD [ONE_HOUR] 2026-05-22 to 2026-05-22
2026-06-12 09:39:45,680 - INFO - Request URL: https://api.exchange.coinbase.com/products/BTC-USD/candles?start=1779453435&end=1779457035&granularity=3600
2026-06-12 09:39:45,830 - INFO - Fetched 1 candles
2026-06-12 09:39:46,330 - INFO - Fetching BTC-USD [ONE_HOUR] 2026-05-22 to 2026-05-22
2026-06-12 09:39:46,330 - INFO - Request URL: https://api.exchange.coinbase.com/products/BTC-USD/candles?start=1779457035&end=1779460635&granularity=3600
2026-06-12 09:39:46,575 - INFO - Fetched 1 candles
2026-06-12 09:39:47,075 - INFO - Fetching BTC-USD [ONE_HOUR] 2026-05-22 to 2026-05-22
2026-06-12 09:39:47,076 - INFO - Request URL: https://api.exchange.coinbase.com/products/BTC-USD/candles?start=1779460635&end=1779464235&granularity=3600
2026-06-12 09:39:47,250 - INFO - Fetched 1 candles
2026-06-12 09:39:47,750 - INFO - Fetching BTC-USD [ONE_HOUR] 2026-05-22 to 2026-05-22
2026-06-12 09:39:47,750 - INFO - Request URL: https://api.exchange.coinbase.com/products/BTC-USD/candles?start=1779464235&end=1779467835&granularity=3600
2026-06-12 09:39:47,891 - INFO - Fetched 1 candles
2026-06-12 09:39:48,392 - INFO - Fetching BTC-USD [ONE_HOUR] 2026-05-22 to 2026-05-22
2026-06-12 09:39:48,392 - INFO - Request URL: https://api.exchange.coinbase.com/products/BTC-USD/candles?start=1779467835&end=1779471435&granularity=3600
2026-06-12 09:39:48,520 - INFO - Fetched 1 candles
2026-06-12 09:39:49,020 - INFO - Fetching BTC-USD [ONE_HOUR] 2026-05-22 to 2026-05-22
2026-06-12 09:39:49,020 - INFO - Request URL: https://api.exchange.coinbase.com/products/BTC-USD/candles?start=1779471435&end=1779475035&granularity=3600
2026-06-12 09:39:49,162 - INFO - Fetched 1 candles
2026-06-12 09:39:49,662 - INFO - Fetching BTC-USD [ONE_HOUR] 2026-05-22 to 2026-05-22
2026-06-12 09:39:49,662 - INFO - Request URL: https://api.exchange.coinbase.com/products/BTC-USD/candles?start=1779475035&end=1779478635&granularity=3600
2026-06-12 09:39:49,793 - INFO - Fetched 1 candles
2026-06-12 09:39:50,293 - INFO - Fetching BTC-USD [ONE_HOUR] 2026-05-22 to 2026-05-22
2026-06-12 09:39:50,293 - INFO - Request URL: https://api.exchange.coinbase.com/products/BTC-USD/candles?start=1779478635&end=1779482235&granularity=3600
2026-06-12 09:39:50,424 - INFO - Fetched 1 candles
2026-06-12 09:39:50,924 - INFO - Fetching BTC-USD [ONE_HOUR] 2026-05-22 to 2026-05-22
2026-06-12 09:39:50,924 - INFO - Request URL: https://api.exchange.coinbase.com/products/BTC-USD/candles?start=1779482235&end=1779485835&granularity=3600
2026-06-12 09:39:51,031 - INFO - Fetched 1 candles
2026-06-12 09:39:51,531 - INFO - Fetching BTC-USD [ONE_HOUR] 2026-05-22 to 2026-05-22
2026-06-12 09:39:51,532 - INFO - Request URL: https://api.exchange.coinbase.com/products/BTC-USD/candles?start=1779485835&end=1779489435&granularity=3600
2026-06-12 09:39:51,661 - INFO - Fetched 1 candles
2026-06-12 09:39:52,161 - INFO - Fetching BTC-USD [ONE_HOUR] 2026-05-22 to 2026-05-22
2026-06-12 09:39:52,161 - INFO - Request URL: https://api.exchange.coinbase.com/products/BTC-USD/candles?start=1779489435&end=1779493035&granularity=3600
2026-06-12 09:39:52,301 - INFO - Fetched 1 candles
2026-06-12 09:39:52,801 - INFO - Fetching BTC-USD [ONE_HOUR] 2026-05-22 to 2026-05-22
2026-06-12 09:39:52,802 - INFO - Request URL: https://api.exchange.coinbase.com/products/BTC-USD/candles?start=1779493035&end=1779496635&granularity=3600
2026-06-12 09:39:52,949 - INFO - Fetched 1 candles
2026-06-12 09:39:53,450 - INFO - Fetching BTC-USD [ONE_HOUR] 2026-05-22 to 2026-05-22
2026-06-12 09:39:53,450 - INFO - Request URL: https://api.exchange.coinbase.com/products/BTC-USD/candles?start=1779496635&end=1779500235&granularity=3600
2026-06-12 09:39:53,652 - INFO - Fetched 1 candles
2026-06-12 09:39:54,153 - INFO - Fetching BTC-USD [ONE_HOUR] 2026-05-22 to 2026-05-22
2026-06-12 09:39:54,153 - INFO - Request URL: https://api.exchange.coinbase.com/products/BTC-USD/candles?start=1779500235&end=1779503835&granularity=3600
2026-06-12 09:39:54,270 - INFO - Fetched 1 candles
2026-06-12 09:39:54,770 - INFO - Fetching BTC-USD [ONE_HOUR] 2026-05-22 to 2026-05-22
2026-06-12 09:39:54,770 - INFO - Request URL: https://api.exchange.coinbase.com/products/BTC-USD/candles?start=1779503835&end=1779507435&granularity=3600
2026-06-12 09:39:54,913 - INFO - Fetched 1 candles
2026-06-12 09:39:55,414 - INFO - Fetching BTC-USD [ONE_HOUR] 2026-05-22 to 2026-05-23
2026-06-12 09:39:55,414 - INFO - Request URL: https://api.exchange.coinbase.com/products/BTC-USD/candles?start=1779507435&end=1779511035&granularity=3600
2026-06-12 09:39:55,532 - INFO - Fetched 1 candles
2026-06-12 09:39:56,032 - INFO - Fetching BTC-USD [ONE_HOUR] 2026-05-23 to 2026-05-23
2026-06-12 09:39:56,032 - INFO - Request URL: https://api.exchange.coinbase.com/products/BTC-USD/candles?start=1779511035&end=1779514635&granularity=3600
2026-06-12 09:39:56,262 - INFO - Fetched 1 candles
2026-06-12 09:39:56,762 - INFO - Fetching BTC-USD [ONE_HOUR] 2026-05-23 to 2026-05-23
2026-06-12 09:39:56,762 - INFO - Request URL: https://api.exchange.coinbase.com/products/BTC-USD/candles?start=1779514635&end=1779518235&granularity=3600
2026-06-12 09:39:56,939 - INFO - Fetched 1 candles
2026-06-12 09:39:57,439 - INFO - Fetching BTC-USD [ONE_HOUR] 2026-05-23 to 2026-05-23
2026-06-12 09:39:57,439 - INFO - Request URL: https://api.exchange.coinbase.com/products/BTC-USD/candles?start=1779518235&end=1779521835&granularity=3600
2026-06-12 09:39:57,629 - INFO - Fetched 1 candles
2026-06-12 09:39:58,130 - INFO - Fetching BTC-USD [ONE_HOUR] 2026-05-23 to 2026-05-23
2026-06-12 09:39:58,130 - INFO - Request URL: https://api.exchange.coinbase.com/products/BTC-USD/candles?start=1779521835&end=1779525435&granularity=3600
2026-06-12 09:39:58,275 - INFO - Fetched 1 candles
2026-06-12 09:39:58,775 - INFO - Fetching BTC-USD [ONE_HOUR] 2026-05-23 to 2026-05-23
2026-06-12 09:39:58,775 - INFO - Request URL: https://api.exchange.coinbase.com/products/BTC-USD/candles?start=1779525435&end=1779529035&granularity=3600
2026-06-12 09:39:58,962 - INFO - Fetched 1 candles
2026-06-12 09:39:59,462 - INFO - Fetching BTC-USD [ONE_HOUR] 2026-05-23 to 2026-05-23
2026-06-12 09:39:59,462 - INFO - Request URL: https://api.exchange.coinbase.com/products/BTC-USD/candles?start=1779529035&end=1779532635&granularity=3600
2026-06-12 09:39:59,620 - INFO - Fetched 1 candles
2026-06-12 09:40:00,120 - INFO - Fetching BTC-USD [ONE_HOUR] 2026-05-23 to 2026-05-23
2026-06-12 09:40:00,120 - INFO - Request URL: https://api.exchange.coinbase.com/products/BTC-USD/candles?start=1779532635&end=1779536235&granularity=3600
2026-06-12 09:40:02,754 - INFO - Fetched 1 candles
2026-06-12 09:40:03,254 - INFO - Fetching BTC-USD [ONE_HOUR] 2026-05-23 to 2026-05-23
2026-06-12 09:40:03,254 - INFO - Request URL: https://api.exchange.coinbase.com/products/BTC-USD/candles?start=1779536235&end=1779539835&granularity=3600
2026-06-12 09:40:03,413 - INFO - Fetched 1 candles
2026-06-12 09:40:03,913 - INFO - Fetching BTC-USD [ONE_HOUR] 2026-05-23 to 2026-05-23
2026-06-12 09:40:03,913 - INFO - Request URL: https://api.exchange.coinbase.com/products/BTC-USD/candles?start=1779539835&end=1779543435&granularity=3600
2026-06-12 09:40:04,203 - INFO - Fetched 1 candles
2026-06-12 09:40:04,703 - INFO - Fetching BTC-USD [ONE_HOUR] 2026-05-23 to 2026-05-23
2026-06-12 09:40:04,703 - INFO - Request URL: https://api.exchange.coinbase.com/products/BTC-USD/candles?start=1779543435&end=1779547035&granularity=3600
2026-06-12 09:40:04,916 - INFO - Fetched 1 candles
2026-06-12 09:40:05,416 - INFO - Fetching BTC-USD [ONE_HOUR] 2026-05-23 to 2026-05-23
2026-06-12 09:40:05,416 - INFO - Request URL: https://api.exchange.coinbase.com/products/BTC-USD/candles?start=1779547035&end=1779550635&granularity=3600
2026-06-12 09:40:05,533 - INFO - Fetched 1 candles
2026-06-12 09:40:06,033 - INFO - Fetching BTC-USD [ONE_HOUR] 2026-05-23 to 2026-05-23
2026-06-12 09:40:06,033 - INFO - Request URL: https://api.exchange.coinbase.com/products/BTC-USD/candles?start=1779550635&end=1779554235&granularity=3600
2026-06-12 09:40:06,177 - INFO - Fetched 1 candles
2026-06-12 09:40:06,677 - INFO - Fetching BTC-USD [ONE_HOUR] 2026-05-23 to 2026-05-23
2026-06-12 09:40:06,677 - INFO - Request URL: https://api.exchange.coinbase.com/products/BTC-USD/candles?start=1779554235&end=1779557835&granularity=3600
2026-06-12 09:40:06,854 - INFO - Fetched 1 candles
2026-06-12 09:40:07,354 - INFO - Fetching BTC-USD [ONE_HOUR] 2026-05-23 to 2026-05-23
2026-06-12 09:40:07,354 - INFO - Request URL: https://api.exchange.coinbase.com/products/BTC-USD/candles?start=1779557835&end=1779561435&granularity=3600
2026-06-12 09:40:07,537 - INFO - Fetched 1 candles
2026-06-12 09:40:08,037 - INFO - Fetching BTC-USD [ONE_HOUR] 2026-05-23 to 2026-05-23
2026-06-12 09:40:08,037 - INFO - Request URL: https://api.exchange.coinbase.com/products/BTC-USD/candles?start=1779561435&end=1779565035&granularity=3600
2026-06-12 09:40:08,169 - INFO - Fetched 1 candles
2026-06-12 09:40:08,669 - INFO - Fetching BTC-USD [ONE_HOUR] 2026-05-23 to 2026-05-23
2026-06-12 09:40:08,669 - INFO - Request URL: https://api.exchange.coinbase.com/products/BTC-USD/candles?start=1779565035&end=1779568635&granularity=3600
2026-06-12 09:40:08,806 - INFO - Fetched 1 candles
2026-06-12 09:40:09,306 - INFO - Fetching BTC-USD [ONE_HOUR] 2026-05-23 to 2026-05-23
2026-06-12 09:40:09,307 - INFO - Request URL: https://api.exchange.coinbase.com/products/BTC-USD/candles?start=1779568635&end=1779572235&granularity=3600
2026-06-12 09:40:09,444 - INFO - Fetched 1 candles
2026-06-12 09:40:09,945 - INFO - Fetching BTC-USD [ONE_HOUR] 2026-05-23 to 2026-05-23
2026-06-12 09:40:09,945 - INFO - Request URL: https://api.exchange.coinbase.com/products/BTC-USD/candles?start=1779572235&end=1779575835&granularity=3600
2026-06-12 09:40:10,128 - INFO - Fetched 1 candles
2026-06-12 09:40:10,628 - INFO - Fetching BTC-USD [ONE_HOUR] 2026-05-23 to 2026-05-23
2026-06-12 09:40:10,628 - INFO - Request URL: https://api.exchange.coinbase.com/products/BTC-USD/candles?start=1779575835&end=1779579435&granularity=3600
2026-06-12 09:40:10,833 - INFO - Fetched 1 candles
2026-06-12 09:40:11,333 - INFO - Fetching BTC-USD [ONE_HOUR] 2026-05-23 to 2026-05-23
2026-06-12 09:40:11,333 - INFO - Request URL: https://api.exchange.coinbase.com/products/BTC-USD/candles?start=1779579435&end=1779583035&granularity=3600
2026-06-12 09:40:11,477 - INFO - Fetched 1 candles
2026-06-12 09:40:11,977 - INFO - Fetching BTC-USD [ONE_HOUR] 2026-05-23 to 2026-05-23
2026-06-12 09:40:11,977 - INFO - Request URL: https://api.exchange.coinbase.com/products/BTC-USD/candles?start=1779583035&end=1779586635&granularity=3600
2026-06-12 09:40:12,124 - INFO - Fetched 1 candles
2026-06-12 09:40:12,624 - INFO - Fetching BTC-USD [ONE_HOUR] 2026-05-23 to 2026-05-23
2026-06-12 09:40:12,624 - INFO - Request URL: https://api.exchange.coinbase.com/products/BTC-USD/candles?start=1779586635&end=1779590235&granularity=3600
2026-06-12 09:40:12,815 - INFO - Fetched 1 candles
2026-06-12 09:40:13,315 - INFO - Fetching BTC-USD [ONE_HOUR] 2026-05-23 to 2026-05-23
2026-06-12 09:40:13,315 - INFO - Request URL: https://api.exchange.coinbase.com/products/BTC-USD/candles?start=1779590235&end=1779593835&granularity=3600
2026-06-12 09:40:13,513 - INFO - Fetched 1 candles
2026-06-12 09:40:14,013 - INFO - Fetching BTC-USD [ONE_HOUR] 2026-05-23 to 2026-05-24
2026-06-12 09:40:14,013 - INFO - Request URL: https://api.exchange.coinbase.com/products/BTC-USD/candles?start=1779593835&end=1779597435&granularity=3600
2026-06-12 09:40:14,174 - INFO - Fetched 1 candles
2026-06-12 09:40:14,674 - INFO - Fetching BTC-USD [ONE_HOUR] 2026-05-24 to 2026-05-24
2026-06-12 09:40:14,674 - INFO - Request URL: https://api.exchange.coinbase.com/products/BTC-USD/candles?start=1779597435&end=1779601035&granularity=3600
2026-06-12 09:40:14,834 - INFO - Fetched 1 candles
